sensorId,facilityId,metric,value,unit,timestamp,anomaly
SEN-028,FAC-006,turbidity_ntu,0.1,NTU,2026-01-11T16:18:26.695839,False
SEN-045,FAC-010,ph,7.06,pH,2025-12-24T00:57:32.300157,False
SEN-057,FAC-012,pressure_bar,4.78,bar,2025-12-01T23:32:57.377052,False
SEN-013,FAC-003,dissolved_o2,10.94,mg/L,2026-02-15T16:49:26.403283,False
SEN-079,FAC-017,chlorine_mg_l,1.5,mg/L,2026-02-20T17:07:15.306694,False
SEN-012,FAC-002,dissolved_o2,9.7,mg/L,2025-10-27T08:31:24.371550,False
SEN-090,FAC-019,ph,7.52,pH,2026-01-13T13:56:37.362422,False
SEN-098,FAC-020,turbidity_ntu,1.57,NTU,2025-11-22T06:39:47.593952,False
SEN-088,FAC-019,chlorine_mg_l,1.76,mg/L,2025-10-15T05:15:19.193919,False
SEN-065,FAC-014,ph,7.18,pH,2025-11-11T17:32:13.714555,False
SEN-070,FAC-015,turbidity_ntu,1.27,NTU,2026-02-12T15:08:51.043573,False
SEN-031,FAC-007,conductivity_us,659.49,µS/cm,2025-10-08T16:11:50.840480,False
SEN-030,FAC-007,pressure_bar,2.9,bar,2025-10-31T10:53:28.024348,False
SEN-021,FAC-005,chlorine_mg_l,0.98,mg/L,2025-10-29T14:49:20.959383,False
SEN-086,FAC-018,conductivity_us,567.42,µS/cm,2025-11-16T06:03:57.972608,False
SEN-058,FAC-012,ph,8.01,pH,2026-02-20T16:24:08.293548,False
SEN-047,FAC-010,flow_rate_m3h,270.65,m³/h,2026-01-27T23:32:26.896795,False
SEN-075,FAC-016,temperature_c,18.08,°C,2025-10-14T20:33:45.534642,False
SEN-019,FAC-004,dissolved_o2,10.35,mg/L,2025-10-09T22:51:26.066443,False
SEN-054,FAC-012,dissolved_o2,8.32,mg/L,2026-02-14T02:00:10.629125,False
SEN-041,FAC-009,chlorine_mg_l,1.93,mg/L,2025-11-01T13:10:38.520697,False
SEN-057,FAC-012,pressure_bar,4.74,bar,2025-12-18T13:51:55.988904,False
SEN-069,FAC-015,dissolved_o2,4.16,mg/L,2025-10-26T11:59:40.310648,False
SEN-047,FAC-010,flow_rate_m3h,170.84,m³/h,2025-12-29T16:44:44.606725,False
SEN-084,FAC-018,dissolved_o2,7.16,mg/L,2026-02-17T22:28:15.374065,False
SEN-086,FAC-018,conductivity_us,325.6,µS/cm,2025-11-29T11:51:09.157160,False
SEN-032,FAC-007,temperature_c,25.25,°C,2025-10-16T11:15:36.332364,True
SEN-021,FAC-005,chlorine_mg_l,1.94,mg/L,2025-10-23T20:05:45.460661,False
SEN-002,FAC-001,conductivity_us,324.49,µS/cm,2026-02-11T13:58:50.291823,False
SEN-040,FAC-009,temperature_c,15.31,°C,2026-01-30T11:47:18.783029,False
SEN-086,FAC-018,conductivity_us,542.58,µS/cm,2026-01-03T18:04:42.073253,False
SEN-056,FAC-012,conductivity_us,343.73,µS/cm,2026-02-05T23:38:25.950322,False
SEN-091,FAC-019,turbidity_ntu,3.99,NTU,2025-10-06T04:26:59.800815,False
SEN-013,FAC-003,dissolved_o2,11.61,mg/L,2025-10-15T16:31:00.335688,False
SEN-053,FAC-011,conductivity_us,425.21,µS/cm,2025-10-27T20:07:31.198868,False
SEN-097,FAC-020,conductivity_us,514.5,µS/cm,2025-11-24T10:11:57.411666,False
SEN-041,FAC-009,chlorine_mg_l,0.72,mg/L,2025-10-01T09:34:40.685243,False
SEN-082,FAC-017,pressure_bar,4.46,bar,2026-02-16T23:09:21.294957,False
SEN-049,FAC-011,flow_rate_m3h,458.03,m³/h,2025-11-22T19:10:59.439793,False
SEN-098,FAC-020,turbidity_ntu,2.54,NTU,2025-12-16T17:13:13.479929,False
SEN-068,FAC-014,dissolved_o2,4.29,mg/L,2026-01-18T16:00:41.784545,False
SEN-054,FAC-012,dissolved_o2,9.92,mg/L,2026-01-27T13:22:27.414578,False
SEN-024,FAC-005,flow_rate_m3h,456.4,m³/h,2025-11-14T10:17:57.396686,False
SEN-076,FAC-016,ph,6.3,pH,2026-01-08T00:26:26.941833,True
SEN-026,FAC-006,chlorine_mg_l,1.34,mg/L,2025-10-16T21:25:41.800916,False
SEN-093,FAC-020,flow_rate_m3h,428.26,m³/h,2026-02-13T05:29:19.565703,False
SEN-036,FAC-008,temperature_c,5.48,°C,2025-11-28T07:54:05.193512,False
SEN-063,FAC-013,dissolved_o2,6.3,mg/L,2026-02-26T00:18:15.774605,False
SEN-029,FAC-006,conductivity_us,288.5,µS/cm,2025-10-12T10:09:02.956300,False
SEN-045,FAC-010,ph,6.86,pH,2026-01-11T11:51:40.092719,False
SEN-020,FAC-004,ph,8.05,pH,2025-12-25T20:02:51.838997,False
SEN-045,FAC-010,ph,7.01,pH,2026-02-03T07:39:02.961994,False
SEN-059,FAC-012,turbidity_ntu,0.27,NTU,2026-02-16T18:01:01.181593,False
SEN-088,FAC-019,chlorine_mg_l,0.51,mg/L,2025-12-17T08:54:54.712405,False
SEN-004,FAC-001,turbidity_ntu,2.64,NTU,2025-10-04T19:55:26.194463,False
SEN-045,FAC-010,ph,8.0,pH,2026-02-04T01:55:14.618441,False
SEN-056,FAC-012,conductivity_us,351.55,µS/cm,2025-11-20T23:20:42.664710,False
SEN-029,FAC-006,conductivity_us,665.72,µS/cm,2025-12-14T22:37:03.106194,False
SEN-011,FAC-002,chlorine_mg_l,1.23,mg/L,2025-11-17T12:26:30.511445,False
SEN-033,FAC-007,dissolved_o2,4.53,mg/L,2025-12-24T10:27:51.755991,False
SEN-071,FAC-015,ph,7.09,pH,2026-01-22T18:22:21.550944,False
SEN-023,FAC-005,pressure_bar,5.28,bar,2025-10-27T23:38:58.977765,False
SEN-086,FAC-018,conductivity_us,243.33,µS/cm,2026-01-26T22:05:53.539633,False
SEN-024,FAC-005,flow_rate_m3h,500.5,m³/h,2025-11-23T03:10:28.197472,True
SEN-015,FAC-003,ph,8.25,pH,2025-12-22T03:09:20.520661,False
SEN-016,FAC-003,conductivity_us,294.75,µS/cm,2025-12-31T02:11:54.190196,False
SEN-022,FAC-005,ph,6.59,pH,2025-11-19T03:23:42.595952,False
SEN-008,FAC-002,turbidity_ntu,0.91,NTU,2026-01-15T20:50:21.988494,False
SEN-036,FAC-008,temperature_c,17.0,°C,2025-11-04T18:03:42.206067,False
SEN-077,FAC-016,chlorine_mg_l,0.3,mg/L,2026-01-31T18:00:31.306292,False
SEN-089,FAC-019,dissolved_o2,6.92,mg/L,2026-01-20T06:43:43.505126,False
SEN-022,FAC-005,ph,7.7,pH,2026-01-31T02:42:06.252161,False
SEN-031,FAC-007,conductivity_us,503.5,µS/cm,2025-11-12T06:10:19.838990,False
SEN-007,FAC-002,ph,8.36,pH,2026-02-23T22:28:43.953207,False
SEN-087,FAC-018,flow_rate_m3h,292.73,m³/h,2025-11-28T22:44:40.725357,False
SEN-033,FAC-007,dissolved_o2,8.67,mg/L,2025-11-09T21:39:42.522038,False
SEN-094,FAC-020,ph,7.21,pH,2025-12-18T16:21:44.637327,False
SEN-025,FAC-006,flow_rate_m3h,110.52,m³/h,2025-12-01T15:11:34.171626,False
SEN-033,FAC-007,dissolved_o2,6.3,mg/L,2025-12-01T17:16:22.460742,False
SEN-032,FAC-007,temperature_c,16.82,°C,2025-10-08T00:30:29.758767,False
SEN-041,FAC-009,chlorine_mg_l,0.8,mg/L,2025-10-09T14:00:50.606477,False
SEN-035,FAC-007,ph,7.52,pH,2025-12-14T08:04:44.454351,False
SEN-014,FAC-003,temperature_c,5.55,°C,2025-11-17T05:49:51.945161,False
SEN-072,FAC-015,temperature_c,9.23,°C,2025-12-13T05:36:56.945460,False
SEN-014,FAC-003,temperature_c,6.04,°C,2025-11-07T23:17:06.192575,False
SEN-033,FAC-007,dissolved_o2,9.53,mg/L,2025-12-25T04:48:01.120402,False
SEN-089,FAC-019,dissolved_o2,5.0,mg/L,2026-02-18T22:45:31.991059,False
SEN-092,FAC-019,flow_rate_m3h,99.8,m³/h,2025-11-29T04:08:40.491788,True
SEN-087,FAC-018,flow_rate_m3h,375.12,m³/h,2026-02-15T07:17:02.770636,False
SEN-068,FAC-014,dissolved_o2,9.39,mg/L,2025-12-13T00:20:53.097462,False
SEN-027,FAC-006,pressure_bar,5.12,bar,2025-12-29T19:57:06.616487,False
SEN-052,FAC-011,dissolved_o2,4.04,mg/L,2025-10-21T06:21:42.678667,False
SEN-051,FAC-011,pressure_bar,2.23,bar,2025-11-13T19:51:50.743841,False
SEN-061,FAC-013,ph,6.8,pH,2025-12-23T17:59:02.512221,False
SEN-070,FAC-015,turbidity_ntu,-0.34,NTU,2025-12-15T03:51:16.051655,True
SEN-020,FAC-004,ph,8.22,pH,2026-01-27T13:51:40.884690,False
SEN-087,FAC-018,flow_rate_m3h,350.06,m³/h,2025-10-01T17:05:22.930619,False
SEN-028,FAC-006,turbidity_ntu,3.09,NTU,2025-10-18T13:04:48.497322,False
SEN-003,FAC-001,dissolved_o2,8.86,mg/L,2026-01-15T06:47:08.678629,False
SEN-062,FAC-013,flow_rate_m3h,249.39,m³/h,2026-01-12T11:47:13.954478,False
SEN-056,FAC-012,conductivity_us,373.8,µS/cm,2025-12-23T20:06:37.445203,False
SEN-007,FAC-002,ph,7.98,pH,2025-12-04T02:28:24.003167,False
SEN-052,FAC-011,dissolved_o2,4.56,mg/L,2025-11-17T06:21:21.907781,False
SEN-034,FAC-007,chlorine_mg_l,1.2,mg/L,2025-11-07T06:34:35.889924,False
SEN-032,FAC-007,temperature_c,22.73,°C,2025-10-24T12:14:07.170442,False
SEN-066,FAC-014,chlorine_mg_l,1.3,mg/L,2025-10-02T17:07:35.801326,False
SEN-080,FAC-017,turbidity_ntu,1.43,NTU,2025-12-29T21:53:46.022175,False
SEN-018,FAC-004,conductivity_us,729.48,µS/cm,2025-11-29T13:40:24.857453,False
SEN-067,FAC-014,flow_rate_m3h,492.67,m³/h,2025-10-29T05:32:29.998007,False
SEN-077,FAC-016,chlorine_mg_l,1.71,mg/L,2026-02-09T22:47:25.512743,False
SEN-038,FAC-008,flow_rate_m3h,112.08,m³/h,2025-10-13T14:42:50.528758,False
SEN-080,FAC-017,turbidity_ntu,1.96,NTU,2026-01-16T23:18:30.805978,False
SEN-059,FAC-012,turbidity_ntu,1.09,NTU,2025-12-13T09:59:56.030066,False
SEN-087,FAC-018,flow_rate_m3h,279.81,m³/h,2025-12-09T11:33:55.419979,False
SEN-036,FAC-008,temperature_c,24.06,°C,2025-10-06T23:27:51.267521,False
SEN-054,FAC-012,dissolved_o2,4.54,mg/L,2025-11-16T12:06:30.552821,False
SEN-050,FAC-011,turbidity_ntu,1.35,NTU,2025-12-11T21:23:21.427520,False
SEN-058,FAC-012,ph,7.27,pH,2026-01-25T23:15:46.166666,False
SEN-005,FAC-001,pressure_bar,5.09,bar,2025-11-07T14:56:42.044726,False
SEN-044,FAC-010,conductivity_us,745.11,µS/cm,2025-11-30T05:16:37.153826,False
SEN-094,FAC-020,ph,8.35,pH,2025-12-17T19:59:58.755746,False
SEN-096,FAC-020,pressure_bar,6.38,bar,2025-12-14T12:53:10.268083,True
SEN-041,FAC-009,chlorine_mg_l,1.35,mg/L,2026-02-11T13:27:56.427103,False
SEN-005,FAC-001,pressure_bar,4.85,bar,2025-10-25T05:34:10.037306,False
SEN-014,FAC-003,temperature_c,15.06,°C,2026-01-27T22:46:13.514374,False
SEN-059,FAC-012,turbidity_ntu,3.21,NTU,2026-01-10T14:44:54.271554,False
SEN-055,FAC-012,flow_rate_m3h,330.47,m³/h,2025-10-16T03:07:24.799571,False
SEN-041,FAC-009,chlorine_mg_l,0.53,mg/L,2025-12-01T12:38:54.593710,False
SEN-040,FAC-009,temperature_c,7.37,°C,2025-11-09T13:17:06.247096,False
SEN-043,FAC-009,dissolved_o2,8.45,mg/L,2026-01-16T01:57:17.365611,False
SEN-058,FAC-012,ph,6.72,pH,2025-10-22T19:23:33.353619,False
SEN-042,FAC-009,flow_rate_m3h,377.7,m³/h,2025-12-22T09:10:48.738891,False
SEN-009,FAC-002,conductivity_us,286.14,µS/cm,2026-01-24T12:42:56.500385,False
SEN-016,FAC-003,conductivity_us,494.33,µS/cm,2025-12-24T07:57:52.766027,False
SEN-083,FAC-017,ph,7.52,pH,2026-02-14T18:27:58.876126,False
SEN-022,FAC-005,ph,8.41,pH,2025-12-27T08:59:59.565867,False
SEN-080,FAC-017,turbidity_ntu,0.1,NTU,2025-12-19T11:22:53.477588,False
SEN-013,FAC-003,dissolved_o2,6.78,mg/L,2026-02-27T21:47:56.089836,False
SEN-043,FAC-009,dissolved_o2,5.55,mg/L,2026-01-15T23:44:37.945399,False
SEN-008,FAC-002,turbidity_ntu,1.11,NTU,2025-12-08T08:38:21.327747,False
SEN-054,FAC-012,dissolved_o2,8.24,mg/L,2025-11-25T06:16:34.410425,False
SEN-052,FAC-011,dissolved_o2,4.17,mg/L,2026-02-01T05:41:22.511787,False
SEN-056,FAC-012,conductivity_us,700.77,µS/cm,2025-11-08T06:58:06.465815,False
SEN-091,FAC-019,turbidity_ntu,0.38,NTU,2026-01-21T11:02:37.392763,False
SEN-001,FAC-001,chlorine_mg_l,2.21,mg/L,2026-01-26T15:38:16.385490,True
SEN-048,FAC-011,ph,6.8,pH,2026-01-25T03:12:41.252901,False
SEN-016,FAC-003,conductivity_us,453.69,µS/cm,2026-02-23T08:22:07.444763,False
SEN-006,FAC-001,temperature_c,24.84,°C,2025-12-12T22:33:44.879302,False
SEN-075,FAC-016,temperature_c,19.81,°C,2025-10-27T11:16:25.952104,False
SEN-072,FAC-015,temperature_c,22.97,°C,2026-01-21T08:58:09.526122,False
SEN-040,FAC-009,temperature_c,23.48,°C,2026-01-20T09:30:23.452017,False
SEN-034,FAC-007,chlorine_mg_l,1.48,mg/L,2025-12-26T08:36:12.668325,False
SEN-095,FAC-020,temperature_c,22.92,°C,2025-11-26T05:24:08.085532,False
SEN-083,FAC-017,ph,7.46,pH,2025-10-30T05:39:44.204779,False
SEN-053,FAC-011,conductivity_us,694.41,µS/cm,2025-11-18T06:07:48.875521,False
SEN-036,FAC-008,temperature_c,23.79,°C,2025-12-16T07:25:29.612217,False
SEN-060,FAC-013,turbidity_ntu,2.81,NTU,2026-02-19T00:04:22.868532,False
SEN-094,FAC-020,ph,7.83,pH,2026-02-14T11:13:49.474236,False
SEN-008,FAC-002,turbidity_ntu,1.29,NTU,2026-02-24T02:06:28.323384,False
SEN-096,FAC-020,pressure_bar,3.42,bar,2026-01-16T02:12:33.538844,False
SEN-008,FAC-002,turbidity_ntu,2.77,NTU,2025-12-14T08:02:05.208267,False
SEN-016,FAC-003,conductivity_us,317.02,µS/cm,2025-11-30T04:41:15.592427,False
SEN-082,FAC-017,pressure_bar,3.16,bar,2025-11-03T15:50:13.623466,False
SEN-003,FAC-001,dissolved_o2,11.7,mg/L,2025-10-24T16:05:57.510478,False
SEN-049,FAC-011,flow_rate_m3h,123.55,m³/h,2025-11-14T00:39:42.082360,False
SEN-026,FAC-006,chlorine_mg_l,0.94,mg/L,2025-11-29T12:38:41.491175,False
SEN-064,FAC-014,conductivity_us,288.6,µS/cm,2026-01-25T11:04:46.713091,False
SEN-001,FAC-001,chlorine_mg_l,1.98,mg/L,2026-02-10T04:50:50.315283,False
SEN-074,FAC-016,dissolved_o2,9.88,mg/L,2025-12-10T07:22:02.329938,False
SEN-057,FAC-012,pressure_bar,4.97,bar,2025-11-18T20:51:46.513489,False
SEN-053,FAC-011,conductivity_us,656.65,µS/cm,2025-10-27T18:24:44.715946,False
SEN-090,FAC-019,ph,7.64,pH,2025-12-31T02:57:43.866208,False
SEN-004,FAC-001,turbidity_ntu,0.84,NTU,2025-12-22T03:55:44.102472,False
SEN-013,FAC-003,dissolved_o2,9.75,mg/L,2025-12-09T06:40:40.764485,False
SEN-018,FAC-004,conductivity_us,300.77,µS/cm,2026-02-10T13:46:40.097740,False
SEN-005,FAC-001,pressure_bar,3.39,bar,2025-11-06T23:40:07.912554,False
SEN-010,FAC-002,flow_rate_m3h,493.61,m³/h,2025-11-04T19:41:03.930534,False
SEN-009,FAC-002,conductivity_us,385.39,µS/cm,2025-12-03T03:37:40.594236,False
SEN-062,FAC-013,flow_rate_m3h,267.42,m³/h,2026-02-01T22:10:48.385028,False
SEN-050,FAC-011,turbidity_ntu,3.96,NTU,2025-12-16T20:32:32.072434,False
SEN-084,FAC-018,dissolved_o2,3.65,mg/L,2025-11-28T14:48:41.057832,True
SEN-014,FAC-003,temperature_c,20.91,°C,2025-11-22T15:18:57.869618,False
SEN-085,FAC-018,temperature_c,12.86,°C,2025-10-10T16:48:02.043221,False
SEN-033,FAC-007,dissolved_o2,12.5,mg/L,2025-11-03T23:09:58.648049,True
SEN-018,FAC-004,conductivity_us,662.48,µS/cm,2025-10-09T07:31:20.117582,False
SEN-092,FAC-019,flow_rate_m3h,275.62,m³/h,2025-11-30T21:24:05.884587,False
SEN-042,FAC-009,flow_rate_m3h,101.7,m³/h,2025-11-05T03:31:19.991015,False
SEN-082,FAC-017,pressure_bar,2.63,bar,2026-02-23T17:53:07.138374,False
SEN-015,FAC-003,ph,7.32,pH,2025-12-24T18:42:29.939824,False
SEN-029,FAC-006,conductivity_us,620.77,µS/cm,2026-02-19T18:10:16.533174,False
SEN-065,FAC-014,ph,8.33,pH,2025-12-09T22:54:09.249365,False
SEN-086,FAC-018,conductivity_us,800.13,µS/cm,2026-02-24T09:35:30.398617,True
SEN-067,FAC-014,flow_rate_m3h,99.81,m³/h,2025-10-18T08:40:49.338472,True
SEN-049,FAC-011,flow_rate_m3h,277.43,m³/h,2025-12-23T16:31:11.583812,False
SEN-084,FAC-018,dissolved_o2,6.37,mg/L,2025-11-19T20:05:40.273291,False
SEN-048,FAC-011,ph,6.72,pH,2025-10-18T20:54:47.415271,False
SEN-057,FAC-012,pressure_bar,6.37,bar,2026-02-25T06:23:54.762950,True
SEN-002,FAC-001,conductivity_us,774.16,µS/cm,2026-01-02T10:25:12.369737,False
SEN-048,FAC-011,ph,6.2,pH,2026-01-28T16:14:10.929334,True
SEN-038,FAC-008,flow_rate_m3h,408.98,m³/h,2025-11-21T13:13:19.829530,False
SEN-087,FAC-018,flow_rate_m3h,434.95,m³/h,2026-02-23T02:20:12.262429,False
SEN-070,FAC-015,turbidity_ntu,2.62,NTU,2026-02-17T21:59:56.511444,False
SEN-041,FAC-009,chlorine_mg_l,1.27,mg/L,2026-02-09T03:19:18.087221,False
SEN-032,FAC-007,temperature_c,5.5,°C,2025-11-27T10:21:08.790794,False
SEN-024,FAC-005,flow_rate_m3h,238.34,m³/h,2025-11-24T22:20:10.041331,False
SEN-062,FAC-013,flow_rate_m3h,480.59,m³/h,2026-02-08T21:12:01.693156,False
SEN-058,FAC-012,ph,7.23,pH,2026-02-07T21:35:48.619208,False
SEN-026,FAC-006,chlorine_mg_l,1.14,mg/L,2025-12-28T04:39:42.261778,False
SEN-028,FAC-006,turbidity_ntu,3.92,NTU,2025-12-08T03:37:58.096928,False
SEN-026,FAC-006,chlorine_mg_l,1.76,mg/L,2026-01-30T02:02:41.757514,False
SEN-043,FAC-009,dissolved_o2,4.16,mg/L,2025-10-10T22:05:40.130493,False
SEN-064,FAC-014,conductivity_us,295.7,µS/cm,2025-10-30T14:29:41.944241,False
SEN-035,FAC-007,ph,6.68,pH,2025-11-11T14:02:02.327927,False
SEN-049,FAC-011,flow_rate_m3h,159.48,m³/h,2026-01-13T23:41:07.086848,False
SEN-056,FAC-012,conductivity_us,348.96,µS/cm,2026-01-30T20:40:05.765429,False
SEN-017,FAC-004,turbidity_ntu,3.16,NTU,2026-02-13T10:36:41.234315,False
SEN-058,FAC-012,ph,8.64,pH,2026-02-26T10:25:49.750132,True
SEN-014,FAC-003,temperature_c,18.82,°C,2025-10-26T04:09:56.007933,False
SEN-093,FAC-020,flow_rate_m3h,346.17,m³/h,2025-12-20T06:52:43.269985,False
SEN-006,FAC-001,temperature_c,16.11,°C,2026-02-09T22:59:53.340257,False
SEN-085,FAC-018,temperature_c,13.95,°C,2026-01-27T15:20:17.105938,False
SEN-039,FAC-008,ph,8.03,pH,2026-02-07T16:18:58.855122,False
SEN-094,FAC-020,ph,8.26,pH,2026-01-30T10:11:25.462566,False
SEN-052,FAC-011,dissolved_o2,7.9,mg/L,2026-02-16T21:25:47.665214,False
SEN-032,FAC-007,temperature_c,4.56,°C,2025-11-18T13:04:11.578705,True
SEN-070,FAC-015,turbidity_ntu,2.43,NTU,2025-10-02T18:54:29.393141,False
SEN-084,FAC-018,dissolved_o2,8.06,mg/L,2025-12-21T23:25:18.190884,False
SEN-035,FAC-007,ph,6.12,pH,2025-10-04T18:35:01.824681,True
SEN-005,FAC-001,pressure_bar,4.96,bar,2026-01-13T05:33:40.939086,False
SEN-007,FAC-002,ph,8.46,pH,2026-01-15T12:44:00.742838,False
SEN-044,FAC-010,conductivity_us,510.93,µS/cm,2026-02-01T12:58:00.127955,False
SEN-056,FAC-012,conductivity_us,554.79,µS/cm,2025-10-06T16:55:52.849169,False
SEN-024,FAC-005,flow_rate_m3h,411.16,m³/h,2026-02-27T22:44:24.509186,False
SEN-013,FAC-003,dissolved_o2,7.32,mg/L,2025-11-15T12:27:30.549054,False
SEN-003,FAC-001,dissolved_o2,11.69,mg/L,2025-10-12T06:18:38.985917,False
SEN-038,FAC-008,flow_rate_m3h,485.12,m³/h,2026-02-02T10:03:22.348833,False
SEN-034,FAC-007,chlorine_mg_l,0.41,mg/L,2026-01-14T20:20:59.236716,False
SEN-093,FAC-020,flow_rate_m3h,326.39,m³/h,2026-02-07T14:13:12.490961,False
SEN-051,FAC-011,pressure_bar,2.21,bar,2026-01-31T17:41:13.349460,False
SEN-035,FAC-007,ph,8.15,pH,2026-01-26T12:19:00.037030,False
SEN-034,FAC-007,chlorine_mg_l,1.44,mg/L,2025-11-18T03:42:50.369368,False
SEN-010,FAC-002,flow_rate_m3h,255.52,m³/h,2026-02-07T07:07:34.658552,False
SEN-020,FAC-004,ph,6.11,pH,2025-11-08T22:58:46.824036,True
SEN-056,FAC-012,conductivity_us,781.17,µS/cm,2025-11-23T02:13:32.052501,False
SEN-092,FAC-019,flow_rate_m3h,147.99,m³/h,2025-12-02T22:27:03.941481,False
SEN-046,FAC-010,temperature_c,22.21,°C,2025-12-16T20:14:47.839138,False
SEN-013,FAC-003,dissolved_o2,6.28,mg/L,2025-12-26T04:55:05.080740,False
SEN-045,FAC-010,ph,7.11,pH,2026-02-17T01:37:24.930322,False
SEN-073,FAC-016,pressure_bar,3.58,bar,2026-01-06T09:16:58.703669,False
SEN-051,FAC-011,pressure_bar,2.16,bar,2025-11-27T20:13:45.338647,False
SEN-093,FAC-020,flow_rate_m3h,325.42,m³/h,2025-11-18T10:39:46.585274,False
SEN-017,FAC-004,turbidity_ntu,3.39,NTU,2025-10-04T10:40:51.442543,False
SEN-019,FAC-004,dissolved_o2,11.15,mg/L,2026-02-24T20:20:56.176744,False
SEN-071,FAC-015,ph,7.27,pH,2025-10-15T02:29:26.031772,False
SEN-024,FAC-005,flow_rate_m3h,457.04,m³/h,2026-01-09T10:12:16.412262,False
SEN-073,FAC-016,pressure_bar,5.36,bar,2026-01-25T21:24:25.737827,False
SEN-063,FAC-013,dissolved_o2,8.35,mg/L,2025-10-18T18:51:07.537478,False
SEN-096,FAC-020,pressure_bar,1.7,bar,2025-12-26T11:47:29.098298,True
SEN-040,FAC-009,temperature_c,5.72,°C,2025-11-02T21:17:31.177464,False
SEN-035,FAC-007,ph,8.35,pH,2026-02-04T01:26:14.395181,False
SEN-087,FAC-018,flow_rate_m3h,305.98,m³/h,2025-11-22T22:19:58.665062,False
SEN-070,FAC-015,turbidity_ntu,0.5,NTU,2025-10-26T19:08:40.681750,False
SEN-056,FAC-012,conductivity_us,423.73,µS/cm,2025-12-31T23:36:32.325267,False
SEN-023,FAC-005,pressure_bar,5.66,bar,2025-12-02T05:13:57.498652,False
SEN-019,FAC-004,dissolved_o2,7.48,mg/L,2025-10-25T11:38:14.247970,False
SEN-031,FAC-007,conductivity_us,341.57,µS/cm,2026-01-29T22:19:18.262891,False
SEN-061,FAC-013,ph,8.31,pH,2025-10-19T09:57:25.422705,False
SEN-027,FAC-006,pressure_bar,4.43,bar,2026-01-21T21:20:14.108510,False
SEN-045,FAC-010,ph,7.77,pH,2025-12-10T13:04:41.371829,False
SEN-072,FAC-015,temperature_c,20.58,°C,2025-10-05T21:46:40.902225,False
SEN-018,FAC-004,conductivity_us,210.65,µS/cm,2026-02-07T03:13:02.061437,False
SEN-064,FAC-014,conductivity_us,783.9,µS/cm,2025-12-03T01:46:52.264068,False
SEN-073,FAC-016,pressure_bar,5.47,bar,2025-10-03T15:49:42.327193,False
SEN-096,FAC-020,pressure_bar,5.03,bar,2025-11-12T22:32:54.543648,False
SEN-059,FAC-012,turbidity_ntu,1.46,NTU,2025-11-02T00:46:10.193390,False
SEN-013,FAC-003,dissolved_o2,10.71,mg/L,2025-11-12T06:44:52.141650,False
SEN-032,FAC-007,temperature_c,5.61,°C,2025-11-02T13:03:52.105027,False
SEN-031,FAC-007,conductivity_us,274.22,µS/cm,2025-12-19T06:55:01.544387,False
SEN-085,FAC-018,temperature_c,24.33,°C,2026-02-06T12:16:55.991572,False
SEN-082,FAC-017,pressure_bar,1.64,bar,2026-02-21T22:55:37.992191,True
SEN-033,FAC-007,dissolved_o2,9.17,mg/L,2025-10-21T08:40:34.078936,False
SEN-007,FAC-002,ph,6.7,pH,2026-01-08T06:43:22.779282,False
SEN-008,FAC-002,turbidity_ntu,2.21,NTU,2025-12-16T09:28:07.481685,False
SEN-032,FAC-007,temperature_c,21.92,°C,2025-10-27T00:18:04.286948,False
SEN-003,FAC-001,dissolved_o2,9.14,mg/L,2025-12-07T01:04:32.258581,False
SEN-092,FAC-019,flow_rate_m3h,348.35,m³/h,2025-11-21T20:51:09.924679,False
SEN-029,FAC-006,conductivity_us,759.92,µS/cm,2026-02-17T20:43:09.400533,False
SEN-019,FAC-004,dissolved_o2,5.69,mg/L,2025-11-03T21:30:59.546656,False
SEN-079,FAC-017,chlorine_mg_l,0.67,mg/L,2025-11-24T00:18:01.061615,False
SEN-098,FAC-020,turbidity_ntu,1.8,NTU,2025-10-28T05:14:56.642560,False
SEN-059,FAC-012,turbidity_ntu,1.78,NTU,2025-11-20T20:40:37.677717,False
SEN-022,FAC-005,ph,7.82,pH,2025-12-18T04:11:48.472358,False
SEN-045,FAC-010,ph,6.7,pH,2026-02-16T20:03:22.145195,False
SEN-068,FAC-014,dissolved_o2,11.96,mg/L,2025-11-04T02:11:14.786268,False
SEN-049,FAC-011,flow_rate_m3h,192.12,m³/h,2026-02-02T01:34:35.632018,False
SEN-092,FAC-019,flow_rate_m3h,295.67,m³/h,2026-02-02T19:51:58.809873,False
SEN-039,FAC-008,ph,8.07,pH,2026-01-22T17:13:59.139312,False
SEN-086,FAC-018,conductivity_us,398.74,µS/cm,2026-01-12T05:01:13.116939,False
SEN-089,FAC-019,dissolved_o2,10.17,mg/L,2025-11-06T23:42:10.004131,False
SEN-085,FAC-018,temperature_c,16.88,°C,2025-12-07T01:27:58.385804,False
SEN-061,FAC-013,ph,7.27,pH,2026-01-14T05:37:30.980290,False
SEN-093,FAC-020,flow_rate_m3h,372.99,m³/h,2025-10-27T15:34:10.809031,False
SEN-044,FAC-010,conductivity_us,587.13,µS/cm,2025-10-09T04:27:13.257493,False
SEN-041,FAC-009,chlorine_mg_l,0.35,mg/L,2025-12-02T22:52:16.384401,False
SEN-086,FAC-018,conductivity_us,484.52,µS/cm,2026-02-20T12:55:05.781930,False
SEN-053,FAC-011,conductivity_us,467.06,µS/cm,2025-12-07T20:07:16.478749,False
SEN-086,FAC-018,conductivity_us,511.89,µS/cm,2026-01-23T06:10:17.119277,False
SEN-067,FAC-014,flow_rate_m3h,186.1,m³/h,2025-12-02T03:21:13.594343,False
SEN-011,FAC-002,chlorine_mg_l,1.77,mg/L,2025-11-18T20:02:43.244880,False
SEN-092,FAC-019,flow_rate_m3h,354.89,m³/h,2026-02-24T17:18:40.405340,False
SEN-075,FAC-016,temperature_c,24.45,°C,2025-10-18T05:09:27.837071,False
SEN-072,FAC-015,temperature_c,13.76,°C,2025-11-04T10:45:46.531130,False
SEN-081,FAC-017,dissolved_o2,9.04,mg/L,2025-10-14T02:35:04.333401,False
SEN-036,FAC-008,temperature_c,14.89,°C,2025-12-25T15:24:37.008848,False
SEN-018,FAC-004,conductivity_us,318.02,µS/cm,2026-02-15T06:58:45.259038,False
SEN-075,FAC-016,temperature_c,21.61,°C,2025-11-13T19:24:53.942915,False
SEN-073,FAC-016,pressure_bar,5.51,bar,2026-01-10T20:16:43.855379,False
SEN-073,FAC-016,pressure_bar,3.91,bar,2026-01-03T01:21:32.325264,False
SEN-020,FAC-004,ph,8.09,pH,2025-10-04T01:10:15.545897,False
SEN-071,FAC-015,ph,6.75,pH,2026-01-27T08:22:45.903905,False
SEN-013,FAC-003,dissolved_o2,5.42,mg/L,2026-01-31T13:11:24.237423,False
SEN-086,FAC-018,conductivity_us,234.63,µS/cm,2025-10-28T07:56:14.790548,False
SEN-011,FAC-002,chlorine_mg_l,0.78,mg/L,2025-11-21T00:42:04.508956,False
SEN-033,FAC-007,dissolved_o2,10.14,mg/L,2026-01-23T04:09:06.425894,False
SEN-073,FAC-016,pressure_bar,3.78,bar,2026-01-03T20:52:46.132689,False
SEN-086,FAC-018,conductivity_us,208.41,µS/cm,2025-12-16T16:30:42.347910,False
SEN-001,FAC-001,chlorine_mg_l,1.34,mg/L,2025-11-22T22:56:09.125250,False
SEN-089,FAC-019,dissolved_o2,5.47,mg/L,2025-10-24T11:51:20.568237,False
SEN-023,FAC-005,pressure_bar,4.69,bar,2026-01-05T03:59:50.784756,False
SEN-093,FAC-020,flow_rate_m3h,483.44,m³/h,2025-12-03T12:44:27.472595,False
SEN-091,FAC-019,turbidity_ntu,2.48,NTU,2026-01-31T10:00:15.100692,False
SEN-026,FAC-006,chlorine_mg_l,1.91,mg/L,2025-11-21T19:11:32.259636,False
SEN-059,FAC-012,turbidity_ntu,1.86,NTU,2026-01-20T10:35:31.608442,False
SEN-009,FAC-002,conductivity_us,330.29,µS/cm,2026-02-14T12:18:28.192036,False
SEN-027,FAC-006,pressure_bar,2.94,bar,2025-11-04T19:14:57.867332,False
SEN-056,FAC-012,conductivity_us,605.31,µS/cm,2026-01-10T23:26:38.363935,False
SEN-064,FAC-014,conductivity_us,350.41,µS/cm,2026-01-17T07:51:53.823686,False
SEN-017,FAC-004,turbidity_ntu,3.33,NTU,2025-11-20T05:18:11.349953,False
SEN-062,FAC-013,flow_rate_m3h,182.73,m³/h,2025-10-11T10:33:22.302092,False
SEN-039,FAC-008,ph,7.68,pH,2025-12-29T21:21:20.997162,False
SEN-033,FAC-007,dissolved_o2,12.13,mg/L,2026-02-12T07:34:46.981897,True
SEN-081,FAC-017,dissolved_o2,8.08,mg/L,2026-02-21T08:03:21.630196,False
SEN-053,FAC-011,conductivity_us,596.22,µS/cm,2025-12-26T11:06:58.535832,False
SEN-005,FAC-001,pressure_bar,3.06,bar,2025-11-29T03:34:51.570039,False
SEN-091,FAC-019,turbidity_ntu,2.42,NTU,2025-12-14T15:07:48.135303,False
SEN-086,FAC-018,conductivity_us,290.94,µS/cm,2026-02-04T16:51:41.409116,False
SEN-096,FAC-020,pressure_bar,2.48,bar,2026-02-18T08:38:16.193782,False
SEN-038,FAC-008,flow_rate_m3h,247.3,m³/h,2025-12-03T11:30:12.327262,False
SEN-085,FAC-018,temperature_c,20.65,°C,2026-01-19T07:14:47.311368,False
SEN-028,FAC-006,turbidity_ntu,3.03,NTU,2025-11-28T00:41:11.386658,False
SEN-074,FAC-016,dissolved_o2,5.16,mg/L,2025-11-24T08:39:54.736862,False
SEN-069,FAC-015,dissolved_o2,9.89,mg/L,2025-11-26T23:07:46.822027,False
SEN-027,FAC-006,pressure_bar,2.04,bar,2026-02-23T10:30:24.956154,False
SEN-098,FAC-020,turbidity_ntu,0.22,NTU,2025-12-14T21:11:19.902893,False
SEN-067,FAC-014,flow_rate_m3h,360.98,m³/h,2025-11-14T15:07:31.679548,False
SEN-060,FAC-013,turbidity_ntu,1.07,NTU,2026-01-17T21:40:48.219289,False
SEN-096,FAC-020,pressure_bar,5.76,bar,2025-10-28T12:17:25.084320,False
SEN-049,FAC-011,flow_rate_m3h,343.76,m³/h,2026-01-04T20:26:22.386354,False
SEN-078,FAC-017,flow_rate_m3h,261.95,m³/h,2026-02-17T19:19:41.143235,False
SEN-014,FAC-003,temperature_c,12.9,°C,2026-02-07T02:16:46.486044,False
SEN-057,FAC-012,pressure_bar,4.79,bar,2025-11-08T08:23:58.561034,False
SEN-075,FAC-016,temperature_c,5.76,°C,2025-11-17T18:06:28.586133,False
SEN-081,FAC-017,dissolved_o2,6.7,mg/L,2026-02-11T07:13:35.018704,False
SEN-052,FAC-011,dissolved_o2,4.13,mg/L,2026-01-06T19:00:15.283278,False
SEN-026,FAC-006,chlorine_mg_l,1.48,mg/L,2025-10-18T17:13:58.170285,False
SEN-007,FAC-002,ph,6.65,pH,2025-11-08T20:18:58.396758,False
SEN-058,FAC-012,ph,8.24,pH,2026-02-22T18:11:43.188954,False
SEN-092,FAC-019,flow_rate_m3h,122.19,m³/h,2025-11-15T01:39:21.144664,False
SEN-065,FAC-014,ph,6.91,pH,2026-01-07T02:31:45.441236,False
SEN-098,FAC-020,turbidity_ntu,3.01,NTU,2026-02-09T01:07:18.809284,False
SEN-089,FAC-019,dissolved_o2,9.99,mg/L,2026-02-27T00:58:05.173532,False
SEN-081,FAC-017,dissolved_o2,7.32,mg/L,2026-02-17T15:38:05.179004,False
SEN-062,FAC-013,flow_rate_m3h,454.74,m³/h,2026-01-23T19:31:04.871439,False
SEN-077,FAC-016,chlorine_mg_l,1.55,mg/L,2025-11-28T21:14:28.572299,False
SEN-059,FAC-012,turbidity_ntu,0.24,NTU,2025-11-24T01:57:04.919598,False
SEN-067,FAC-014,flow_rate_m3h,385.69,m³/h,2025-10-06T12:57:32.850879,False
SEN-012,FAC-002,dissolved_o2,9.55,mg/L,2026-02-15T23:45:39.253447,False
SEN-050,FAC-011,turbidity_ntu,2.41,NTU,2025-10-15T09:57:24.187377,False
SEN-038,FAC-008,flow_rate_m3h,173.23,m³/h,2026-02-01T07:31:57.195658,False
SEN-062,FAC-013,flow_rate_m3h,500.33,m³/h,2025-11-02T12:48:26.349242,True
SEN-090,FAC-019,ph,6.92,pH,2025-10-20T07:17:12.150076,False
SEN-066,FAC-014,chlorine_mg_l,1.05,mg/L,2025-11-09T06:33:07.091441,False
SEN-003,FAC-001,dissolved_o2,6.0,mg/L,2026-01-22T16:14:26.610416,False
SEN-069,FAC-015,dissolved_o2,6.88,mg/L,2025-12-12T07:18:23.455986,False
SEN-089,FAC-019,dissolved_o2,8.86,mg/L,2025-10-11T02:38:03.593023,False
SEN-035,FAC-007,ph,7.75,pH,2025-11-26T03:52:34.519502,False
SEN-093,FAC-020,flow_rate_m3h,418.6,m³/h,2026-01-21T22:23:52.080368,False
SEN-061,FAC-013,ph,8.48,pH,2025-11-24T16:30:53.268928,False
SEN-072,FAC-015,temperature_c,8.1,°C,2026-01-12T21:47:39.680673,False
SEN-047,FAC-010,flow_rate_m3h,376.32,m³/h,2025-11-18T11:23:18.942025,False
SEN-063,FAC-013,dissolved_o2,10.96,mg/L,2026-02-12T17:41:52.010779,False
SEN-025,FAC-006,flow_rate_m3h,500.41,m³/h,2025-12-22T00:58:36.196249,True
SEN-092,FAC-019,flow_rate_m3h,471.35,m³/h,2026-01-28T14:33:41.459912,False
SEN-046,FAC-010,temperature_c,15.86,°C,2025-12-05T19:46:47.537531,False
SEN-079,FAC-017,chlorine_mg_l,0.87,mg/L,2026-02-12T01:34:55.355683,False
SEN-045,FAC-010,ph,7.7,pH,2025-12-01T11:47:11.851633,False
SEN-063,FAC-013,dissolved_o2,7.28,mg/L,2026-01-08T15:04:46.134498,False
SEN-095,FAC-020,temperature_c,13.25,°C,2026-01-10T09:11:50.857051,False
SEN-042,FAC-009,flow_rate_m3h,500.46,m³/h,2025-11-06T19:24:08.589896,True
SEN-098,FAC-020,turbidity_ntu,4.5,NTU,2026-02-20T09:04:57.872623,True
SEN-093,FAC-020,flow_rate_m3h,310.53,m³/h,2025-10-08T08:49:25.279609,False
SEN-070,FAC-015,turbidity_ntu,1.61,NTU,2025-11-16T13:47:47.956596,False
SEN-045,FAC-010,ph,7.99,pH,2025-11-20T18:18:22.539465,False
SEN-015,FAC-003,ph,7.14,pH,2025-10-02T13:56:05.015100,False
SEN-001,FAC-001,chlorine_mg_l,1.36,mg/L,2026-02-11T10:44:49.681476,False
SEN-054,FAC-012,dissolved_o2,7.93,mg/L,2026-02-22T22:19:02.678761,False
SEN-033,FAC-007,dissolved_o2,4.64,mg/L,2025-11-01T19:43:24.659473,False
SEN-069,FAC-015,dissolved_o2,9.84,mg/L,2026-02-21T05:12:29.001513,False
SEN-049,FAC-011,flow_rate_m3h,253.64,m³/h,2026-01-04T02:23:58.526857,False
SEN-050,FAC-011,turbidity_ntu,0.97,NTU,2025-11-02T21:19:43.450975,False
SEN-039,FAC-008,ph,7.39,pH,2026-01-20T13:30:41.073918,False
SEN-053,FAC-011,conductivity_us,319.18,µS/cm,2025-12-11T22:14:31.502006,False
SEN-019,FAC-004,dissolved_o2,10.92,mg/L,2026-01-12T20:37:13.855608,False
SEN-022,FAC-005,ph,7.73,pH,2025-10-12T03:21:08.295025,False
SEN-001,FAC-001,chlorine_mg_l,1.07,mg/L,2025-11-01T00:14:58.785332,False
SEN-082,FAC-017,pressure_bar,3.15,bar,2025-11-16T23:36:04.830342,False
SEN-042,FAC-009,flow_rate_m3h,146.12,m³/h,2025-11-13T11:15:09.647778,False
SEN-041,FAC-009,chlorine_mg_l,0.21,mg/L,2025-12-10T23:39:25.635557,False
SEN-097,FAC-020,conductivity_us,574.59,µS/cm,2026-02-07T15:28:20.828028,False
SEN-083,FAC-017,ph,6.83,pH,2025-10-12T09:43:36.238122,False
SEN-046,FAC-010,temperature_c,14.74,°C,2025-11-05T10:28:27.470533,False
SEN-053,FAC-011,conductivity_us,543.28,µS/cm,2026-01-21T15:52:07.720857,False
SEN-041,FAC-009,chlorine_mg_l,1.29,mg/L,2025-10-14T23:16:54.569719,False
SEN-097,FAC-020,conductivity_us,786.19,µS/cm,2025-11-04T18:38:42.424147,False
SEN-056,FAC-012,conductivity_us,568.4,µS/cm,2026-01-05T19:57:32.125295,False
SEN-068,FAC-014,dissolved_o2,7.6,mg/L,2025-11-14T21:58:47.436522,False
SEN-096,FAC-020,pressure_bar,4.72,bar,2026-02-13T11:22:08.536440,False
SEN-047,FAC-010,flow_rate_m3h,197.9,m³/h,2026-01-28T23:14:26.518797,False
SEN-079,FAC-017,chlorine_mg_l,1.93,mg/L,2025-11-09T14:12:20.789897,False
SEN-093,FAC-020,flow_rate_m3h,256.12,m³/h,2026-02-15T19:44:54.028719,False
SEN-032,FAC-007,temperature_c,11.4,°C,2025-11-20T20:12:39.128559,False
SEN-033,FAC-007,dissolved_o2,7.87,mg/L,2025-11-05T13:12:41.414630,False
SEN-082,FAC-017,pressure_bar,2.57,bar,2025-12-16T03:19:15.171928,False
SEN-066,FAC-014,chlorine_mg_l,0.86,mg/L,2026-02-13T08:52:22.819119,False
SEN-010,FAC-002,flow_rate_m3h,466.98,m³/h,2025-10-13T04:58:49.528605,False
SEN-071,FAC-015,ph,8.17,pH,2025-12-10T08:40:11.186052,False
SEN-048,FAC-011,ph,8.24,pH,2025-12-20T16:19:09.864240,False
SEN-029,FAC-006,conductivity_us,312.44,µS/cm,2025-12-29T04:44:08.269033,False
SEN-082,FAC-017,pressure_bar,5.67,bar,2025-11-18T13:16:28.045364,False
SEN-002,FAC-001,conductivity_us,410.41,µS/cm,2025-10-17T23:54:57.086156,False
SEN-030,FAC-007,pressure_bar,4.2,bar,2025-11-12T15:46:36.813709,False
SEN-042,FAC-009,flow_rate_m3h,126.86,m³/h,2025-11-03T14:49:18.321783,False
SEN-039,FAC-008,ph,7.08,pH,2025-10-19T20:27:58.151939,False
SEN-085,FAC-018,temperature_c,14.39,°C,2026-02-25T02:25:55.215732,False
SEN-025,FAC-006,flow_rate_m3h,198.79,m³/h,2026-02-10T12:02:41.818662,False
SEN-008,FAC-002,turbidity_ntu,3.05,NTU,2025-11-20T10:26:42.071972,False
SEN-026,FAC-006,chlorine_mg_l,1.62,mg/L,2026-02-09T12:24:59.617729,False
SEN-048,FAC-011,ph,7.44,pH,2026-02-17T21:43:43.768204,False
SEN-075,FAC-016,temperature_c,5.4,°C,2025-11-29T09:25:30.500412,False
SEN-021,FAC-005,chlorine_mg_l,1.51,mg/L,2025-10-19T00:08:15.276436,False
SEN-052,FAC-011,dissolved_o2,8.2,mg/L,2025-12-24T00:30:17.618027,False
SEN-098,FAC-020,turbidity_ntu,2.53,NTU,2025-12-15T15:17:25.364836,False
SEN-071,FAC-015,ph,7.9,pH,2025-12-11T09:56:01.534217,False
SEN-025,FAC-006,flow_rate_m3h,475.78,m³/h,2025-11-07T03:11:00.309505,False
SEN-076,FAC-016,ph,7.41,pH,2025-12-27T03:45:34.787296,False
SEN-066,FAC-014,chlorine_mg_l,1.76,mg/L,2026-02-04T19:57:25.777095,False
SEN-053,FAC-011,conductivity_us,199.67,µS/cm,2025-12-14T18:55:30.407194,True
SEN-042,FAC-009,flow_rate_m3h,490.43,m³/h,2026-01-27T15:28:03.385223,False
SEN-097,FAC-020,conductivity_us,585.55,µS/cm,2025-11-11T14:47:20.508738,False
SEN-047,FAC-010,flow_rate_m3h,277.48,m³/h,2025-10-22T01:47:11.123172,False
SEN-052,FAC-011,dissolved_o2,8.88,mg/L,2026-02-23T22:51:43.669066,False
SEN-095,FAC-020,temperature_c,4.53,°C,2025-12-31T19:45:14.793798,True
SEN-091,FAC-019,turbidity_ntu,3.8,NTU,2025-11-30T17:08:28.406938,False
SEN-019,FAC-004,dissolved_o2,5.27,mg/L,2025-11-13T10:44:12.458299,False
SEN-031,FAC-007,conductivity_us,800.37,µS/cm,2026-01-19T16:12:35.602323,True
SEN-055,FAC-012,flow_rate_m3h,127.08,m³/h,2025-12-06T07:28:34.229344,False
SEN-027,FAC-006,pressure_bar,5.36,bar,2026-02-21T14:04:07.276130,False
SEN-057,FAC-012,pressure_bar,5.21,bar,2025-11-17T08:37:59.753879,False
SEN-012,FAC-002,dissolved_o2,8.72,mg/L,2026-02-04T22:46:43.594068,False
SEN-071,FAC-015,ph,6.57,pH,2025-12-15T21:40:28.561320,False
SEN-065,FAC-014,ph,7.49,pH,2026-01-15T18:37:26.671902,False
SEN-098,FAC-020,turbidity_ntu,2.2,NTU,2025-10-01T07:59:29.269621,False
SEN-026,FAC-006,chlorine_mg_l,0.81,mg/L,2026-01-02T23:57:40.496968,False
SEN-019,FAC-004,dissolved_o2,5.74,mg/L,2026-01-01T21:10:09.067762,False
SEN-048,FAC-011,ph,6.12,pH,2025-10-04T14:31:39.128682,True
SEN-011,FAC-002,chlorine_mg_l,1.73,mg/L,2025-12-01T07:29:08.078593,False
SEN-054,FAC-012,dissolved_o2,4.52,mg/L,2025-10-20T06:34:12.769367,False
SEN-014,FAC-003,temperature_c,15.95,°C,2025-12-22T22:02:46.954091,False
SEN-004,FAC-001,turbidity_ntu,0.73,NTU,2026-02-07T18:11:21.442227,False
SEN-067,FAC-014,flow_rate_m3h,189.76,m³/h,2025-12-25T08:59:04.190921,False
SEN-072,FAC-015,temperature_c,7.23,°C,2026-02-24T18:41:08.615094,False
SEN-093,FAC-020,flow_rate_m3h,224.07,m³/h,2025-11-03T09:42:05.127463,False
SEN-014,FAC-003,temperature_c,5.05,°C,2026-02-10T22:54:51.263955,False
SEN-089,FAC-019,dissolved_o2,4.28,mg/L,2026-02-21T14:36:43.746299,False
SEN-048,FAC-011,ph,6.57,pH,2025-12-23T21:21:44.102761,False
SEN-088,FAC-019,chlorine_mg_l,0.57,mg/L,2026-02-07T01:16:12.609602,False
SEN-098,FAC-020,turbidity_ntu,0.49,NTU,2025-12-06T10:57:48.883506,False
SEN-026,FAC-006,chlorine_mg_l,0.97,mg/L,2026-01-09T00:09:01.513580,False
SEN-006,FAC-001,temperature_c,14.5,°C,2025-11-25T17:00:59.009898,False
SEN-045,FAC-010,ph,7.4,pH,2025-11-06T12:38:57.666340,False
SEN-097,FAC-020,conductivity_us,374.37,µS/cm,2026-01-30T15:10:54.887585,False
SEN-041,FAC-009,chlorine_mg_l,1.56,mg/L,2026-01-09T08:43:12.713732,False
SEN-057,FAC-012,pressure_bar,4.64,bar,2025-11-23T01:38:59.062589,False
SEN-002,FAC-001,conductivity_us,307.3,µS/cm,2026-01-12T06:24:17.056035,False
SEN-096,FAC-020,pressure_bar,4.46,bar,2025-12-15T07:53:46.887271,False
SEN-009,FAC-002,conductivity_us,800.23,µS/cm,2025-11-18T19:12:00.935269,True
SEN-058,FAC-012,ph,7.19,pH,2025-12-15T13:51:44.790698,False
SEN-097,FAC-020,conductivity_us,483.58,µS/cm,2025-10-23T08:19:25.633301,False
SEN-068,FAC-014,dissolved_o2,3.85,mg/L,2026-01-27T22:41:43.223022,True
SEN-011,FAC-002,chlorine_mg_l,1.62,mg/L,2026-01-19T06:30:45.143400,False
SEN-098,FAC-020,turbidity_ntu,0.98,NTU,2025-11-30T21:50:31.721135,False
SEN-002,FAC-001,conductivity_us,271.33,µS/cm,2026-01-23T23:29:46.568407,False
SEN-015,FAC-003,ph,7.77,pH,2026-01-03T10:52:15.881299,False
SEN-056,FAC-012,conductivity_us,588.74,µS/cm,2025-10-03T11:55:31.040329,False
SEN-036,FAC-008,temperature_c,18.09,°C,2025-10-07T18:08:22.812683,False
SEN-006,FAC-001,temperature_c,11.24,°C,2025-12-22T19:11:06.645539,False
SEN-005,FAC-001,pressure_bar,4.21,bar,2025-10-21T16:00:15.722585,False
SEN-081,FAC-017,dissolved_o2,7.25,mg/L,2026-02-11T18:36:35.709258,False
SEN-080,FAC-017,turbidity_ntu,3.71,NTU,2025-11-27T15:56:13.706441,False
SEN-078,FAC-017,flow_rate_m3h,349.53,m³/h,2025-11-19T19:19:14.879099,False
SEN-084,FAC-018,dissolved_o2,9.57,mg/L,2026-02-12T08:16:55.292987,False
SEN-065,FAC-014,ph,8.34,pH,2025-11-03T18:57:05.158345,False
SEN-084,FAC-018,dissolved_o2,8.5,mg/L,2025-11-30T12:25:11.027769,False
SEN-063,FAC-013,dissolved_o2,5.32,mg/L,2025-11-24T10:09:06.741559,False
SEN-066,FAC-014,chlorine_mg_l,0.38,mg/L,2025-10-06T18:10:24.027255,False
SEN-094,FAC-020,ph,7.2,pH,2026-01-26T08:27:06.960918,False
SEN-038,FAC-008,flow_rate_m3h,367.15,m³/h,2025-11-09T02:17:06.098256,False
SEN-083,FAC-017,ph,8.07,pH,2026-01-03T14:25:10.459917,False
SEN-091,FAC-019,turbidity_ntu,2.81,NTU,2026-01-09T16:17:47.855507,False
SEN-005,FAC-001,pressure_bar,4.92,bar,2025-11-08T23:27:34.622691,False
SEN-028,FAC-006,turbidity_ntu,3.79,NTU,2025-12-22T07:34:57.864714,False
SEN-035,FAC-007,ph,8.25,pH,2026-01-17T15:22:57.021552,False
SEN-098,FAC-020,turbidity_ntu,2.95,NTU,2025-12-14T08:56:05.086638,False
SEN-022,FAC-005,ph,6.71,pH,2025-10-02T12:53:02.737829,False
SEN-074,FAC-016,dissolved_o2,9.91,mg/L,2025-10-08T15:20:48.616809,False
SEN-075,FAC-016,temperature_c,13.96,°C,2025-10-12T00:39:29.581465,False
SEN-002,FAC-001,conductivity_us,500.65,µS/cm,2025-10-18T08:32:32.990068,False
SEN-051,FAC-011,pressure_bar,5.84,bar,2026-02-14T15:42:35.252215,False
SEN-014,FAC-003,temperature_c,5.36,°C,2026-02-06T16:33:01.707005,False
SEN-070,FAC-015,turbidity_ntu,2.41,NTU,2026-01-10T21:42:33.540506,False
SEN-071,FAC-015,ph,6.61,pH,2025-11-27T03:40:47.543100,False
SEN-042,FAC-009,flow_rate_m3h,263.54,m³/h,2026-02-27T07:10:51.013125,False
SEN-048,FAC-011,ph,6.72,pH,2026-02-07T21:53:32.103037,False
SEN-029,FAC-006,conductivity_us,276.34,µS/cm,2025-11-30T08:45:54.145663,False
SEN-065,FAC-014,ph,6.84,pH,2026-02-08T00:57:00.932896,False
SEN-097,FAC-020,conductivity_us,550.4,µS/cm,2026-02-17T04:22:22.184725,False
SEN-096,FAC-020,pressure_bar,5.77,bar,2025-12-13T05:49:01.345606,False
SEN-047,FAC-010,flow_rate_m3h,99.67,m³/h,2025-12-15T20:12:08.693448,True
SEN-058,FAC-012,ph,8.31,pH,2026-01-06T19:18:16.057294,False
SEN-012,FAC-002,dissolved_o2,10.19,mg/L,2025-10-15T02:34:18.222437,False
SEN-055,FAC-012,flow_rate_m3h,99.75,m³/h,2026-02-19T13:27:41.439687,True
SEN-011,FAC-002,chlorine_mg_l,1.83,mg/L,2025-11-07T20:54:21.281528,False
SEN-012,FAC-002,dissolved_o2,6.66,mg/L,2026-02-05T05:23:28.743641,False
SEN-034,FAC-007,chlorine_mg_l,0.87,mg/L,2025-12-04T12:30:19.009686,False
SEN-037,FAC-008,pressure_bar,4.73,bar,2025-12-15T00:48:40.610819,False
SEN-082,FAC-017,pressure_bar,5.61,bar,2025-12-02T02:42:53.159482,False
SEN-077,FAC-016,chlorine_mg_l,1.97,mg/L,2025-11-08T13:01:30.430964,False
SEN-085,FAC-018,temperature_c,16.47,°C,2026-02-10T12:30:32.800954,False
SEN-029,FAC-006,conductivity_us,690.68,µS/cm,2025-12-23T15:44:15.742702,False
SEN-033,FAC-007,dissolved_o2,7.88,mg/L,2025-12-04T06:51:27.134335,False
SEN-003,FAC-001,dissolved_o2,10.48,mg/L,2026-01-30T04:42:28.218416,False
SEN-057,FAC-012,pressure_bar,3.57,bar,2025-11-18T18:56:44.991640,False
SEN-022,FAC-005,ph,6.85,pH,2025-12-11T06:48:03.351421,False
SEN-054,FAC-012,dissolved_o2,12.21,mg/L,2026-01-10T09:08:40.901401,True
SEN-040,FAC-009,temperature_c,21.9,°C,2026-02-12T00:46:05.264286,False
SEN-001,FAC-001,chlorine_mg_l,0.98,mg/L,2025-10-19T14:18:25.606481,False
SEN-046,FAC-010,temperature_c,8.1,°C,2025-11-22T23:35:53.839088,False
SEN-050,FAC-011,turbidity_ntu,0.79,NTU,2026-01-31T14:07:06.600644,False
SEN-056,FAC-012,conductivity_us,698.67,µS/cm,2025-11-01T04:09:29.823935,False
SEN-033,FAC-007,dissolved_o2,10.9,mg/L,2025-11-24T00:18:25.052756,False
SEN-010,FAC-002,flow_rate_m3h,330.26,m³/h,2025-11-22T17:39:36.615914,False
SEN-017,FAC-004,turbidity_ntu,2.51,NTU,2026-01-24T21:50:02.350534,False
SEN-062,FAC-013,flow_rate_m3h,247.12,m³/h,2026-02-13T09:24:57.640269,False
SEN-065,FAC-014,ph,7.52,pH,2025-11-11T01:56:00.170872,False
SEN-068,FAC-014,dissolved_o2,9.58,mg/L,2025-12-05T18:57:59.141026,False
SEN-061,FAC-013,ph,7.28,pH,2025-10-31T19:52:45.739220,False
SEN-005,FAC-001,pressure_bar,2.74,bar,2026-01-01T17:53:29.905819,False
SEN-063,FAC-013,dissolved_o2,4.84,mg/L,2026-01-26T10:51:24.341606,False
SEN-020,FAC-004,ph,6.82,pH,2025-11-07T02:50:58.355512,False
SEN-020,FAC-004,ph,6.75,pH,2025-12-07T01:45:52.046903,False
SEN-093,FAC-020,flow_rate_m3h,216.57,m³/h,2026-02-10T07:31:05.439137,False
SEN-043,FAC-009,dissolved_o2,10.35,mg/L,2026-02-06T23:42:30.209061,False
SEN-075,FAC-016,temperature_c,10.86,°C,2025-11-27T17:17:33.557076,False
SEN-058,FAC-012,ph,7.42,pH,2025-11-14T03:12:05.831210,False
SEN-088,FAC-019,chlorine_mg_l,1.24,mg/L,2025-11-10T06:33:02.488745,False
SEN-079,FAC-017,chlorine_mg_l,0.33,mg/L,2025-12-02T13:29:37.704630,False
SEN-045,FAC-010,ph,7.49,pH,2026-02-26T05:28:58.753334,False
SEN-094,FAC-020,ph,7.31,pH,2025-12-15T16:40:52.421226,False
SEN-091,FAC-019,turbidity_ntu,3.86,NTU,2025-10-01T16:28:37.183132,False
SEN-088,FAC-019,chlorine_mg_l,0.93,mg/L,2025-12-03T09:41:29.866284,False
SEN-057,FAC-012,pressure_bar,2.84,bar,2025-10-29T00:12:43.123288,False
SEN-025,FAC-006,flow_rate_m3h,149.38,m³/h,2026-01-15T23:23:36.635097,False
SEN-027,FAC-006,pressure_bar,3.93,bar,2025-12-29T12:44:33.795175,False
SEN-044,FAC-010,conductivity_us,224.74,µS/cm,2025-11-01T02:32:20.720607,False
SEN-088,FAC-019,chlorine_mg_l,0.54,mg/L,2025-10-16T06:30:45.990311,False
SEN-041,FAC-009,chlorine_mg_l,1.4,mg/L,2026-02-11T01:20:00.769109,False
SEN-013,FAC-003,dissolved_o2,4.84,mg/L,2025-11-30T10:08:00.485729,False
SEN-070,FAC-015,turbidity_ntu,0.63,NTU,2025-12-03T12:08:55.803829,False
SEN-069,FAC-015,dissolved_o2,4.95,mg/L,2025-12-29T13:10:10.946260,False
SEN-065,FAC-014,ph,7.89,pH,2026-02-15T04:01:06.519764,False
SEN-083,FAC-017,ph,8.41,pH,2025-10-11T19:03:56.690066,False
SEN-046,FAC-010,temperature_c,22.71,°C,2026-02-12T02:44:19.972523,False
SEN-073,FAC-016,pressure_bar,5.64,bar,2025-11-23T22:07:34.004454,False
SEN-032,FAC-007,temperature_c,6.73,°C,2025-11-17T15:04:30.264296,False
SEN-011,FAC-002,chlorine_mg_l,-0.07,mg/L,2025-12-15T00:23:20.539922,True
SEN-024,FAC-005,flow_rate_m3h,252.02,m³/h,2025-10-09T22:34:35.838025,False
SEN-051,FAC-011,pressure_bar,1.53,bar,2026-01-06T22:52:36.912496,True
SEN-019,FAC-004,dissolved_o2,11.62,mg/L,2025-12-22T19:54:03.851908,False
SEN-078,FAC-017,flow_rate_m3h,473.24,m³/h,2026-02-21T21:07:11.385813,False
SEN-014,FAC-003,temperature_c,16.01,°C,2026-01-13T10:43:06.576438,False
SEN-055,FAC-012,flow_rate_m3h,139.72,m³/h,2026-01-27T19:28:05.421472,False
SEN-032,FAC-007,temperature_c,24.11,°C,2025-10-19T19:20:28.948104,False
SEN-008,FAC-002,turbidity_ntu,0.13,NTU,2025-11-18T11:04:53.172291,False
SEN-062,FAC-013,flow_rate_m3h,456.0,m³/h,2025-12-14T11:06:35.319726,False
SEN-084,FAC-018,dissolved_o2,3.65,mg/L,2025-12-18T12:25:55.774555,True
SEN-005,FAC-001,pressure_bar,4.45,bar,2026-01-05T09:14:31.557259,False
SEN-024,FAC-005,flow_rate_m3h,269.06,m³/h,2025-11-29T08:22:37.284511,False
SEN-048,FAC-011,ph,8.77,pH,2025-10-14T22:35:40.359720,True
SEN-051,FAC-011,pressure_bar,5.24,bar,2026-02-17T22:16:48.380938,False
SEN-015,FAC-003,ph,7.39,pH,2025-11-03T21:43:39.135040,False
SEN-026,FAC-006,chlorine_mg_l,1.43,mg/L,2025-12-08T00:09:24.202718,False
SEN-036,FAC-008,temperature_c,16.57,°C,2025-10-30T06:02:21.330229,False
SEN-002,FAC-001,conductivity_us,772.43,µS/cm,2025-10-04T22:11:52.889750,False
SEN-007,FAC-002,ph,8.08,pH,2026-01-08T17:51:50.276274,False
SEN-023,FAC-005,pressure_bar,2.16,bar,2025-10-02T02:10:44.957247,False
SEN-023,FAC-005,pressure_bar,5.74,bar,2025-12-13T20:46:32.303275,False
SEN-066,FAC-014,chlorine_mg_l,1.81,mg/L,2025-12-07T07:58:56.351108,False
SEN-067,FAC-014,flow_rate_m3h,437.25,m³/h,2026-01-01T09:45:40.778869,False
SEN-009,FAC-002,conductivity_us,477.11,µS/cm,2025-12-19T22:37:04.756066,False
SEN-043,FAC-009,dissolved_o2,5.22,mg/L,2026-01-26T16:48:45.439835,False
SEN-027,FAC-006,pressure_bar,4.3,bar,2026-01-09T14:14:08.421668,False
SEN-023,FAC-005,pressure_bar,3.31,bar,2025-10-06T13:49:17.494310,False
SEN-038,FAC-008,flow_rate_m3h,441.4,m³/h,2025-11-07T07:45:26.171022,False
SEN-088,FAC-019,chlorine_mg_l,1.81,mg/L,2025-12-13T09:29:25.412997,False
SEN-048,FAC-011,ph,7.78,pH,2025-12-15T21:05:44.890377,False
SEN-052,FAC-011,dissolved_o2,6.89,mg/L,2025-11-10T05:45:21.222182,False
SEN-070,FAC-015,turbidity_ntu,1.9,NTU,2026-01-03T09:01:37.071080,False
SEN-074,FAC-016,dissolved_o2,11.86,mg/L,2026-01-22T00:40:34.072672,False
SEN-028,FAC-006,turbidity_ntu,3.95,NTU,2026-02-03T09:00:44.758871,False
SEN-031,FAC-007,conductivity_us,410.23,µS/cm,2026-02-24T17:03:05.019065,False
SEN-084,FAC-018,dissolved_o2,4.14,mg/L,2026-02-02T17:41:06.725739,False
SEN-044,FAC-010,conductivity_us,523.8,µS/cm,2025-11-24T03:07:57.955358,False
SEN-002,FAC-001,conductivity_us,499.88,µS/cm,2025-12-09T17:11:07.627184,False
SEN-005,FAC-001,pressure_bar,2.22,bar,2025-10-29T05:49:33.715784,False
SEN-057,FAC-012,pressure_bar,2.38,bar,2026-02-09T19:43:45.062301,False
SEN-030,FAC-007,pressure_bar,5.97,bar,2026-01-14T23:48:28.928020,False
SEN-001,FAC-001,chlorine_mg_l,0.58,mg/L,2025-10-17T11:58:07.095476,False
SEN-097,FAC-020,conductivity_us,452.37,µS/cm,2025-12-03T01:53:16.197743,False
SEN-003,FAC-001,dissolved_o2,4.67,mg/L,2025-11-30T20:32:22.853583,False
SEN-012,FAC-002,dissolved_o2,9.42,mg/L,2026-02-26T08:20:29.010611,False
SEN-027,FAC-006,pressure_bar,2.03,bar,2026-02-18T09:24:08.069211,False
SEN-022,FAC-005,ph,8.12,pH,2025-11-27T11:34:51.063141,False
SEN-088,FAC-019,chlorine_mg_l,0.34,mg/L,2025-11-28T03:51:28.663343,False
SEN-036,FAC-008,temperature_c,12.73,°C,2026-02-03T16:21:55.916547,False
SEN-030,FAC-007,pressure_bar,3.52,bar,2025-11-13T22:12:21.375364,False
SEN-071,FAC-015,ph,6.88,pH,2025-10-02T04:05:08.836136,False
SEN-061,FAC-013,ph,7.4,pH,2025-12-30T07:26:07.844570,False
SEN-075,FAC-016,temperature_c,14.3,°C,2026-01-19T18:29:51.733758,False
SEN-006,FAC-001,temperature_c,7.2,°C,2026-01-08T21:09:34.568777,False
SEN-074,FAC-016,dissolved_o2,8.43,mg/L,2025-12-29T16:51:37.022551,False
SEN-091,FAC-019,turbidity_ntu,4.4,NTU,2025-11-19T21:46:21.479476,True
SEN-057,FAC-012,pressure_bar,2.93,bar,2025-11-23T17:11:58.595292,False
SEN-054,FAC-012,dissolved_o2,6.92,mg/L,2025-11-25T08:41:19.990017,False
SEN-061,FAC-013,ph,6.98,pH,2025-10-28T07:37:42.033179,False
SEN-015,FAC-003,ph,8.39,pH,2025-10-23T12:15:37.931379,False
SEN-024,FAC-005,flow_rate_m3h,489.06,m³/h,2026-01-26T12:10:42.264753,False
SEN-049,FAC-011,flow_rate_m3h,139.13,m³/h,2025-11-29T12:40:07.483949,False
SEN-042,FAC-009,flow_rate_m3h,108.68,m³/h,2025-11-14T05:28:11.966523,False
SEN-022,FAC-005,ph,7.23,pH,2025-12-06T20:42:15.467320,False
SEN-057,FAC-012,pressure_bar,4.66,bar,2025-12-26T23:54:55.239200,False
SEN-048,FAC-011,ph,7.5,pH,2025-10-29T17:54:53.000369,False
SEN-017,FAC-004,turbidity_ntu,3.45,NTU,2026-01-02T14:33:41.255311,False
SEN-080,FAC-017,turbidity_ntu,1.97,NTU,2026-01-27T20:34:03.869654,False
SEN-045,FAC-010,ph,8.47,pH,2025-11-17T09:16:13.619367,False
SEN-060,FAC-013,turbidity_ntu,2.09,NTU,2026-01-14T11:18:23.152560,False
SEN-068,FAC-014,dissolved_o2,9.71,mg/L,2025-11-30T03:45:32.876813,False
SEN-094,FAC-020,ph,7.0,pH,2025-12-11T14:27:47.250151,False
SEN-014,FAC-003,temperature_c,24.14,°C,2025-10-15T01:01:06.956093,False
SEN-034,FAC-007,chlorine_mg_l,0.67,mg/L,2025-10-24T13:58:13.768589,False
SEN-090,FAC-019,ph,7.12,pH,2025-11-24T15:20:21.311276,False
SEN-040,FAC-009,temperature_c,13.79,°C,2025-10-12T03:42:24.867015,False
SEN-087,FAC-018,flow_rate_m3h,277.47,m³/h,2026-02-16T11:07:14.832319,False
SEN-061,FAC-013,ph,8.27,pH,2025-11-09T13:18:42.860152,False
SEN-074,FAC-016,dissolved_o2,4.0,mg/L,2025-12-01T11:31:16.984340,False
SEN-077,FAC-016,chlorine_mg_l,1.83,mg/L,2025-11-17T14:55:29.634746,False
SEN-007,FAC-002,ph,7.45,pH,2026-01-31T03:48:20.821111,False
SEN-025,FAC-006,flow_rate_m3h,457.11,m³/h,2026-01-06T10:18:17.127173,False
SEN-012,FAC-002,dissolved_o2,7.23,mg/L,2026-02-13T22:52:58.588958,False
SEN-060,FAC-013,turbidity_ntu,-0.36,NTU,2025-10-06T12:22:31.294543,True
SEN-014,FAC-003,temperature_c,14.04,°C,2025-12-19T20:07:41.145489,False
SEN-012,FAC-002,dissolved_o2,8.18,mg/L,2026-02-02T05:42:12.980881,False
SEN-012,FAC-002,dissolved_o2,4.24,mg/L,2025-11-06T15:48:22.841126,False
SEN-041,FAC-009,chlorine_mg_l,0.89,mg/L,2026-02-21T06:03:59.718539,False
SEN-055,FAC-012,flow_rate_m3h,112.26,m³/h,2025-12-25T11:03:03.540928,False
SEN-086,FAC-018,conductivity_us,589.98,µS/cm,2026-01-19T08:59:53.503888,False
SEN-041,FAC-009,chlorine_mg_l,0.43,mg/L,2025-11-29T19:43:09.246925,False
SEN-008,FAC-002,turbidity_ntu,3.49,NTU,2025-12-22T22:38:21.244989,False
SEN-020,FAC-004,ph,6.65,pH,2025-12-03T04:07:29.223990,False
SEN-036,FAC-008,temperature_c,20.25,°C,2025-10-26T21:06:01.830067,False
SEN-085,FAC-018,temperature_c,21.85,°C,2026-02-03T10:22:38.054984,False
SEN-033,FAC-007,dissolved_o2,7.78,mg/L,2026-02-09T15:32:25.478562,False
SEN-085,FAC-018,temperature_c,13.73,°C,2025-11-11T05:06:07.062516,False
SEN-097,FAC-020,conductivity_us,276.16,µS/cm,2026-02-20T20:23:40.644092,False
SEN-008,FAC-002,turbidity_ntu,3.58,NTU,2026-02-10T08:18:26.575635,False
SEN-017,FAC-004,turbidity_ntu,3.19,NTU,2025-12-03T09:49:30.638377,False
SEN-066,FAC-014,chlorine_mg_l,0.3,mg/L,2025-12-17T18:40:11.811664,False
SEN-077,FAC-016,chlorine_mg_l,0.38,mg/L,2026-01-14T06:05:44.864718,False
SEN-079,FAC-017,chlorine_mg_l,0.7,mg/L,2026-01-12T10:00:02.269826,False
SEN-051,FAC-011,pressure_bar,2.26,bar,2026-01-22T00:50:03.104395,False
SEN-037,FAC-008,pressure_bar,3.3,bar,2026-01-23T04:29:58.019123,False
SEN-030,FAC-007,pressure_bar,3.73,bar,2026-02-07T22:18:06.269685,False
SEN-075,FAC-016,temperature_c,5.19,°C,2025-10-06T01:26:16.122796,False
SEN-042,FAC-009,flow_rate_m3h,215.2,m³/h,2025-10-15T10:03:44.860303,False
SEN-028,FAC-006,turbidity_ntu,4.0,NTU,2026-01-06T23:45:06.098035,False
SEN-029,FAC-006,conductivity_us,374.36,µS/cm,2025-12-03T19:03:03.235275,False
SEN-031,FAC-007,conductivity_us,654.15,µS/cm,2025-10-02T18:46:27.910348,False
SEN-064,FAC-014,conductivity_us,708.7,µS/cm,2025-10-07T19:50:48.497816,False
SEN-062,FAC-013,flow_rate_m3h,330.64,m³/h,2026-01-11T16:12:07.332094,False
SEN-042,FAC-009,flow_rate_m3h,250.3,m³/h,2025-10-17T17:18:47.425756,False
SEN-068,FAC-014,dissolved_o2,4.11,mg/L,2025-10-16T23:19:11.544208,False
SEN-087,FAC-018,flow_rate_m3h,443.47,m³/h,2025-11-11T17:54:58.156091,False
SEN-037,FAC-008,pressure_bar,5.35,bar,2025-11-06T01:36:06.391715,False
SEN-035,FAC-007,ph,7.24,pH,2026-01-07T03:48:36.106954,False
SEN-084,FAC-018,dissolved_o2,7.75,mg/L,2025-12-04T19:16:07.410902,False
SEN-078,FAC-017,flow_rate_m3h,137.51,m³/h,2025-12-03T23:39:23.641094,False
SEN-047,FAC-010,flow_rate_m3h,480.47,m³/h,2026-02-03T12:03:32.541813,False
SEN-010,FAC-002,flow_rate_m3h,436.69,m³/h,2025-12-12T13:16:26.956928,False
SEN-041,FAC-009,chlorine_mg_l,2.42,mg/L,2025-11-02T03:21:36.510572,True
SEN-003,FAC-001,dissolved_o2,9.98,mg/L,2025-12-17T18:01:21.011588,False
SEN-080,FAC-017,turbidity_ntu,2.29,NTU,2025-12-07T03:40:44.113591,False
SEN-083,FAC-017,ph,8.67,pH,2025-10-04T04:29:09.751152,True
SEN-093,FAC-020,flow_rate_m3h,475.23,m³/h,2025-10-05T21:02:00.548673,False
SEN-045,FAC-010,ph,7.64,pH,2025-12-15T07:53:04.644343,False
SEN-068,FAC-014,dissolved_o2,9.84,mg/L,2025-11-28T14:03:23.651161,False
SEN-065,FAC-014,ph,8.9,pH,2025-12-30T22:50:11.339776,True
SEN-082,FAC-017,pressure_bar,3.15,bar,2025-12-03T21:40:29.189792,False
SEN-082,FAC-017,pressure_bar,4.39,bar,2026-02-07T06:36:30.740183,False
SEN-005,FAC-001,pressure_bar,4.88,bar,2026-02-16T08:06:08.328322,False
SEN-082,FAC-017,pressure_bar,5.16,bar,2025-10-27T15:00:23.272745,False
SEN-063,FAC-013,dissolved_o2,11.14,mg/L,2025-12-31T17:05:27.282215,False
SEN-066,FAC-014,chlorine_mg_l,1.99,mg/L,2026-01-20T18:27:35.251964,False
SEN-007,FAC-002,ph,8.1,pH,2025-10-14T08:30:27.683608,False
SEN-016,FAC-003,conductivity_us,600.65,µS/cm,2025-10-18T15:53:59.419518,False
SEN-075,FAC-016,temperature_c,7.79,°C,2025-12-23T03:52:33.751409,False
SEN-021,FAC-005,chlorine_mg_l,1.92,mg/L,2025-10-28T19:21:25.588402,False
SEN-050,FAC-011,turbidity_ntu,0.55,NTU,2025-10-01T08:18:46.773059,False
SEN-089,FAC-019,dissolved_o2,5.71,mg/L,2026-02-05T16:43:31.426767,False
SEN-097,FAC-020,conductivity_us,273.97,µS/cm,2025-10-27T05:30:26.422565,False
SEN-059,FAC-012,turbidity_ntu,3.83,NTU,2025-11-09T04:20:25.340660,False
SEN-025,FAC-006,flow_rate_m3h,169.79,m³/h,2026-01-06T21:45:20.389676,False
SEN-064,FAC-014,conductivity_us,320.93,µS/cm,2026-01-06T14:00:33.109049,False
SEN-030,FAC-007,pressure_bar,5.45,bar,2025-10-27T23:38:00.308252,False
SEN-013,FAC-003,dissolved_o2,6.48,mg/L,2025-10-23T15:49:13.051473,False
SEN-078,FAC-017,flow_rate_m3h,113.87,m³/h,2025-12-29T02:06:25.068506,False
SEN-062,FAC-013,flow_rate_m3h,247.85,m³/h,2025-12-16T05:27:56.958040,False
SEN-009,FAC-002,conductivity_us,569.87,µS/cm,2025-10-22T12:30:22.946850,False
SEN-007,FAC-002,ph,7.83,pH,2026-02-27T10:56:58.535248,False
SEN-018,FAC-004,conductivity_us,708.15,µS/cm,2025-11-19T12:01:35.592599,False
SEN-083,FAC-017,ph,6.5,pH,2026-01-23T21:54:28.882500,False
SEN-047,FAC-010,flow_rate_m3h,439.35,m³/h,2026-01-11T13:56:53.801979,False
SEN-063,FAC-013,dissolved_o2,10.41,mg/L,2026-01-14T22:04:47.801262,False
SEN-029,FAC-006,conductivity_us,602.84,µS/cm,2025-10-28T07:41:09.078509,False
SEN-027,FAC-006,pressure_bar,3.39,bar,2025-10-23T08:15:49.163848,False
SEN-067,FAC-014,flow_rate_m3h,139.82,m³/h,2026-02-22T03:13:12.048266,False
SEN-010,FAC-002,flow_rate_m3h,159.44,m³/h,2025-11-05T21:40:18.401587,False
SEN-014,FAC-003,temperature_c,22.76,°C,2025-10-12T01:08:52.540309,False
SEN-084,FAC-018,dissolved_o2,4.86,mg/L,2025-12-11T07:31:35.156982,False
SEN-025,FAC-006,flow_rate_m3h,405.98,m³/h,2025-10-07T15:39:52.795691,False
SEN-034,FAC-007,chlorine_mg_l,1.24,mg/L,2026-02-21T04:50:35.704931,False
SEN-037,FAC-008,pressure_bar,5.51,bar,2025-10-26T13:54:36.819779,False
SEN-018,FAC-004,conductivity_us,275.66,µS/cm,2025-11-04T05:19:48.196974,False
SEN-022,FAC-005,ph,7.62,pH,2026-01-26T19:16:03.767089,False
SEN-068,FAC-014,dissolved_o2,11.09,mg/L,2026-02-07T00:22:59.422846,False
SEN-061,FAC-013,ph,8.04,pH,2026-01-23T14:51:59.703868,False
SEN-074,FAC-016,dissolved_o2,8.68,mg/L,2026-02-03T01:33:02.824339,False
SEN-032,FAC-007,temperature_c,24.68,°C,2026-02-24T05:48:07.637250,False
SEN-072,FAC-015,temperature_c,24.18,°C,2025-10-31T18:21:59.991848,False
SEN-080,FAC-017,turbidity_ntu,0.9,NTU,2026-02-26T02:46:33.989802,False
SEN-055,FAC-012,flow_rate_m3h,396.24,m³/h,2025-10-28T20:53:36.403181,False
SEN-049,FAC-011,flow_rate_m3h,306.35,m³/h,2026-01-01T14:10:31.466242,False
SEN-077,FAC-016,chlorine_mg_l,0.32,mg/L,2025-10-17T00:09:14.731694,False
SEN-030,FAC-007,pressure_bar,3.8,bar,2025-12-21T12:26:34.656884,False
SEN-035,FAC-007,ph,7.59,pH,2026-01-27T00:15:36.345364,False
SEN-032,FAC-007,temperature_c,8.95,°C,2026-01-04T16:37:04.246338,False
SEN-084,FAC-018,dissolved_o2,9.92,mg/L,2025-11-04T16:42:56.043465,False
SEN-016,FAC-003,conductivity_us,675.78,µS/cm,2025-12-06T19:23:40.139452,False
SEN-086,FAC-018,conductivity_us,359.95,µS/cm,2025-10-26T08:34:53.155100,False
SEN-047,FAC-010,flow_rate_m3h,112.47,m³/h,2026-02-06T10:45:31.016148,False
SEN-002,FAC-001,conductivity_us,800.47,µS/cm,2025-11-18T06:52:26.438135,True
SEN-065,FAC-014,ph,8.21,pH,2026-02-15T13:59:23.840971,False
SEN-071,FAC-015,ph,7.83,pH,2026-01-25T20:35:48.495776,False
SEN-004,FAC-001,turbidity_ntu,3.24,NTU,2025-12-24T16:44:33.707777,False
SEN-096,FAC-020,pressure_bar,5.97,bar,2025-10-09T16:39:07.530417,False
SEN-018,FAC-004,conductivity_us,520.97,µS/cm,2025-12-13T19:45:25.474239,False
SEN-076,FAC-016,ph,8.03,pH,2026-02-22T05:30:12.610518,False
SEN-066,FAC-014,chlorine_mg_l,0.84,mg/L,2025-12-09T16:11:16.201966,False
SEN-048,FAC-011,ph,7.09,pH,2025-11-18T04:03:29.738427,False
SEN-031,FAC-007,conductivity_us,219.99,µS/cm,2026-01-24T18:30:02.403530,False
SEN-049,FAC-011,flow_rate_m3h,372.43,m³/h,2025-12-14T00:18:17.101032,False
SEN-083,FAC-017,ph,7.9,pH,2025-11-01T23:23:30.846769,False
SEN-030,FAC-007,pressure_bar,4.29,bar,2026-02-26T00:53:56.460490,False
SEN-092,FAC-019,flow_rate_m3h,137.32,m³/h,2025-10-16T15:40:06.616361,False
SEN-076,FAC-016,ph,7.99,pH,2025-10-04T20:01:20.240050,False
SEN-032,FAC-007,temperature_c,19.53,°C,2026-02-04T03:41:04.832849,False
SEN-033,FAC-007,dissolved_o2,5.84,mg/L,2025-12-13T22:25:13.365894,False
SEN-010,FAC-002,flow_rate_m3h,103.37,m³/h,2026-02-20T04:29:39.904184,False
SEN-063,FAC-013,dissolved_o2,9.22,mg/L,2025-10-05T02:56:01.004958,False
SEN-013,FAC-003,dissolved_o2,8.65,mg/L,2026-02-09T20:49:42.358692,False
SEN-002,FAC-001,conductivity_us,751.73,µS/cm,2025-12-17T14:29:42.739087,False
SEN-006,FAC-001,temperature_c,21.13,°C,2025-11-28T16:09:12.847080,False
SEN-035,FAC-007,ph,7.89,pH,2025-10-20T01:07:25.562628,False
SEN-056,FAC-012,conductivity_us,759.01,µS/cm,2025-11-06T13:48:14.207456,False
SEN-047,FAC-010,flow_rate_m3h,468.39,m³/h,2025-10-10T02:13:53.471238,False
SEN-055,FAC-012,flow_rate_m3h,433.79,m³/h,2025-12-26T07:55:12.702210,False
SEN-078,FAC-017,flow_rate_m3h,500.19,m³/h,2026-01-30T01:26:44.525722,True
SEN-057,FAC-012,pressure_bar,2.48,bar,2025-10-04T15:13:23.541434,False
SEN-058,FAC-012,ph,8.31,pH,2026-01-21T04:56:12.085129,False
SEN-005,FAC-001,pressure_bar,3.91,bar,2026-01-30T21:44:03.960209,False
SEN-078,FAC-017,flow_rate_m3h,99.62,m³/h,2026-01-14T06:10:55.977853,True
SEN-002,FAC-001,conductivity_us,522.27,µS/cm,2025-12-25T06:07:58.052478,False
SEN-097,FAC-020,conductivity_us,780.34,µS/cm,2025-12-02T03:52:55.410781,False
SEN-096,FAC-020,pressure_bar,3.29,bar,2025-11-18T23:54:39.821954,False
SEN-091,FAC-019,turbidity_ntu,3.99,NTU,2026-01-13T13:16:51.735608,False
SEN-069,FAC-015,dissolved_o2,10.59,mg/L,2025-12-07T02:08:44.480995,False
SEN-038,FAC-008,flow_rate_m3h,113.45,m³/h,2025-11-17T04:32:21.265970,False
SEN-008,FAC-002,turbidity_ntu,2.54,NTU,2026-02-13T15:03:45.403879,False
SEN-048,FAC-011,ph,7.83,pH,2025-12-02T23:22:40.951128,False
SEN-036,FAC-008,temperature_c,25.12,°C,2026-01-18T09:38:34.344499,True
SEN-083,FAC-017,ph,7.13,pH,2026-01-19T10:45:35.116883,False
SEN-087,FAC-018,flow_rate_m3h,469.9,m³/h,2025-10-04T14:31:55.516991,False
SEN-029,FAC-006,conductivity_us,718.46,µS/cm,2025-10-12T18:22:40.260726,False
SEN-005,FAC-001,pressure_bar,4.52,bar,2025-10-08T19:47:15.863633,False
SEN-081,FAC-017,dissolved_o2,8.57,mg/L,2026-02-04T10:27:14.628442,False
SEN-035,FAC-007,ph,7.22,pH,2025-12-17T20:55:47.767601,False
SEN-001,FAC-001,chlorine_mg_l,0.22,mg/L,2026-02-11T10:03:21.305196,False
SEN-005,FAC-001,pressure_bar,6.2,bar,2025-11-23T19:37:35.117089,True
SEN-080,FAC-017,turbidity_ntu,2.11,NTU,2025-11-01T15:48:11.891040,False
SEN-094,FAC-020,ph,8.12,pH,2025-11-22T15:37:28.607113,False
SEN-047,FAC-010,flow_rate_m3h,212.82,m³/h,2026-02-12T06:38:53.166980,False
SEN-075,FAC-016,temperature_c,22.19,°C,2025-11-29T10:44:07.571021,False
SEN-018,FAC-004,conductivity_us,453.23,µS/cm,2025-10-13T11:21:35.828988,False
SEN-025,FAC-006,flow_rate_m3h,378.67,m³/h,2025-12-30T08:46:38.286681,False
SEN-095,FAC-020,temperature_c,24.75,°C,2025-10-17T19:34:45.412957,False
SEN-086,FAC-018,conductivity_us,675.57,µS/cm,2025-11-27T14:36:18.757698,False
SEN-023,FAC-005,pressure_bar,3.49,bar,2025-12-23T12:44:31.939323,False
SEN-016,FAC-003,conductivity_us,397.94,µS/cm,2025-10-04T08:59:03.747151,False
SEN-031,FAC-007,conductivity_us,764.05,µS/cm,2025-12-05T21:05:34.062611,False
SEN-010,FAC-002,flow_rate_m3h,202.69,m³/h,2026-01-03T19:01:58.177008,False
SEN-088,FAC-019,chlorine_mg_l,1.91,mg/L,2025-12-12T15:05:39.685151,False
SEN-093,FAC-020,flow_rate_m3h,451.24,m³/h,2026-01-31T18:48:38.320794,False
SEN-013,FAC-003,dissolved_o2,9.53,mg/L,2026-02-11T21:46:07.394882,False
SEN-021,FAC-005,chlorine_mg_l,0.42,mg/L,2025-12-08T18:50:23.060038,False
SEN-061,FAC-013,ph,7.22,pH,2026-02-22T12:16:19.313369,False
SEN-013,FAC-003,dissolved_o2,6.03,mg/L,2025-11-13T21:05:13.223461,False
SEN-049,FAC-011,flow_rate_m3h,213.14,m³/h,2026-01-23T03:53:16.946975,False
SEN-083,FAC-017,ph,8.31,pH,2025-10-28T00:02:52.475713,False
SEN-088,FAC-019,chlorine_mg_l,1.89,mg/L,2025-12-21T08:04:20.951164,False
SEN-024,FAC-005,flow_rate_m3h,409.06,m³/h,2026-02-08T00:31:13.559391,False
SEN-031,FAC-007,conductivity_us,579.63,µS/cm,2025-11-10T18:40:56.780243,False
SEN-096,FAC-020,pressure_bar,3.12,bar,2025-12-13T23:12:38.329173,False
SEN-092,FAC-019,flow_rate_m3h,384.1,m³/h,2026-01-26T04:06:19.085875,False
SEN-059,FAC-012,turbidity_ntu,1.3,NTU,2025-12-26T04:54:04.776294,False
SEN-092,FAC-019,flow_rate_m3h,466.18,m³/h,2025-11-14T21:36:51.182027,False
SEN-068,FAC-014,dissolved_o2,8.6,mg/L,2025-11-15T20:41:52.244727,False
SEN-001,FAC-001,chlorine_mg_l,0.76,mg/L,2025-11-20T23:07:30.936162,False
SEN-098,FAC-020,turbidity_ntu,1.02,NTU,2025-11-30T18:38:16.899515,False
SEN-075,FAC-016,temperature_c,19.98,°C,2025-12-24T01:15:34.730884,False
SEN-065,FAC-014,ph,6.54,pH,2026-02-21T15:14:51.429477,False
SEN-097,FAC-020,conductivity_us,438.38,µS/cm,2026-01-04T18:57:31.999807,False
SEN-062,FAC-013,flow_rate_m3h,201.86,m³/h,2025-12-25T19:48:31.713304,False
SEN-027,FAC-006,pressure_bar,2.18,bar,2025-11-07T05:37:59.595577,False
SEN-019,FAC-004,dissolved_o2,8.5,mg/L,2026-02-06T06:00:36.702084,False
SEN-059,FAC-012,turbidity_ntu,0.51,NTU,2025-12-20T17:37:25.527200,False
SEN-058,FAC-012,ph,7.37,pH,2025-12-08T15:49:53.139833,False
SEN-055,FAC-012,flow_rate_m3h,260.11,m³/h,2025-10-09T14:32:18.242647,False
SEN-079,FAC-017,chlorine_mg_l,0.42,mg/L,2025-10-29T11:00:56.417447,False
SEN-047,FAC-010,flow_rate_m3h,435.44,m³/h,2025-10-19T22:14:47.336997,False
SEN-074,FAC-016,dissolved_o2,8.89,mg/L,2025-10-17T23:36:22.210868,False
SEN-056,FAC-012,conductivity_us,497.73,µS/cm,2026-02-17T06:03:28.280842,False
SEN-002,FAC-001,conductivity_us,413.02,µS/cm,2026-01-21T19:17:21.292292,False
SEN-058,FAC-012,ph,6.73,pH,2026-01-03T06:03:45.268359,False
SEN-084,FAC-018,dissolved_o2,10.29,mg/L,2026-01-28T11:24:46.110943,False
SEN-094,FAC-020,ph,7.84,pH,2026-02-25T01:02:29.983346,False
SEN-063,FAC-013,dissolved_o2,3.79,mg/L,2025-12-06T19:11:52.977689,True
SEN-062,FAC-013,flow_rate_m3h,497.74,m³/h,2025-11-10T18:05:24.947975,False
SEN-046,FAC-010,temperature_c,21.92,°C,2025-12-10T05:03:11.834826,False
SEN-008,FAC-002,turbidity_ntu,1.46,NTU,2026-02-20T17:53:36.652559,False
SEN-003,FAC-001,dissolved_o2,6.88,mg/L,2026-02-22T09:45:35.925496,False
SEN-033,FAC-007,dissolved_o2,4.29,mg/L,2026-02-02T14:36:20.134443,False
SEN-080,FAC-017,turbidity_ntu,3.51,NTU,2025-11-18T02:33:05.659124,False
SEN-042,FAC-009,flow_rate_m3h,255.78,m³/h,2026-01-03T11:44:57.224109,False
SEN-063,FAC-013,dissolved_o2,11.25,mg/L,2026-02-18T01:39:13.597607,False
SEN-071,FAC-015,ph,7.17,pH,2025-11-20T12:35:01.580991,False
SEN-086,FAC-018,conductivity_us,434.23,µS/cm,2026-02-03T00:24:18.171727,False
SEN-097,FAC-020,conductivity_us,326.31,µS/cm,2026-02-02T05:04:17.718705,False
SEN-089,FAC-019,dissolved_o2,5.47,mg/L,2026-01-15T06:53:46.945733,False
SEN-043,FAC-009,dissolved_o2,12.24,mg/L,2025-11-02T08:56:18.990088,True
SEN-002,FAC-001,conductivity_us,296.33,µS/cm,2026-02-17T06:43:45.734177,False
SEN-061,FAC-013,ph,7.75,pH,2026-01-13T07:52:33.934605,False
SEN-019,FAC-004,dissolved_o2,8.57,mg/L,2026-01-09T20:06:18.429304,False
SEN-072,FAC-015,temperature_c,23.94,°C,2025-12-23T07:09:40.017503,False
SEN-035,FAC-007,ph,8.23,pH,2026-01-19T07:22:18.807384,False
SEN-083,FAC-017,ph,8.13,pH,2025-10-04T10:15:45.960111,False
SEN-053,FAC-011,conductivity_us,686.57,µS/cm,2025-12-21T01:06:08.105078,False
SEN-082,FAC-017,pressure_bar,3.86,bar,2026-01-11T04:50:16.618641,False
SEN-040,FAC-009,temperature_c,8.45,°C,2026-02-13T16:05:12.885180,False
SEN-077,FAC-016,chlorine_mg_l,1.65,mg/L,2025-11-12T19:41:42.824259,False
SEN-089,FAC-019,dissolved_o2,4.45,mg/L,2025-12-12T07:00:20.108289,False
SEN-051,FAC-011,pressure_bar,3.73,bar,2025-11-03T14:09:46.935823,False
SEN-064,FAC-014,conductivity_us,480.22,µS/cm,2025-12-18T19:48:38.932032,False
SEN-018,FAC-004,conductivity_us,263.7,µS/cm,2026-02-27T01:30:04.546788,False
SEN-073,FAC-016,pressure_bar,4.35,bar,2025-11-28T10:31:41.708694,False
SEN-088,FAC-019,chlorine_mg_l,0.8,mg/L,2026-02-06T04:18:27.132274,False
SEN-088,FAC-019,chlorine_mg_l,0.51,mg/L,2025-12-31T02:35:05.684960,False
SEN-045,FAC-010,ph,6.37,pH,2025-12-04T01:31:48.720847,True
SEN-061,FAC-013,ph,7.46,pH,2025-12-16T10:38:56.766214,False
SEN-027,FAC-006,pressure_bar,4.68,bar,2025-10-04T04:05:06.784576,False
SEN-009,FAC-002,conductivity_us,652.53,µS/cm,2026-01-21T10:18:35.814087,False
SEN-095,FAC-020,temperature_c,7.83,°C,2026-02-20T00:59:26.290610,False
SEN-062,FAC-013,flow_rate_m3h,171.14,m³/h,2026-02-26T02:00:47.964439,False
SEN-074,FAC-016,dissolved_o2,5.4,mg/L,2026-01-26T00:08:20.896615,False
SEN-080,FAC-017,turbidity_ntu,2.21,NTU,2025-10-14T13:01:58.620912,False
SEN-049,FAC-011,flow_rate_m3h,355.48,m³/h,2026-02-14T03:27:20.203613,False
SEN-079,FAC-017,chlorine_mg_l,1.36,mg/L,2025-10-27T04:21:34.243004,False
SEN-039,FAC-008,ph,7.03,pH,2025-11-07T02:11:53.487055,False
SEN-014,FAC-003,temperature_c,16.07,°C,2026-02-27T00:35:15.276675,False
SEN-013,FAC-003,dissolved_o2,11.32,mg/L,2025-12-28T12:26:40.264477,False
SEN-013,FAC-003,dissolved_o2,9.23,mg/L,2025-10-05T02:58:50.118880,False
SEN-025,FAC-006,flow_rate_m3h,325.15,m³/h,2026-02-13T21:21:07.228147,False
SEN-008,FAC-002,turbidity_ntu,2.41,NTU,2025-11-27T17:10:42.353169,False
SEN-056,FAC-012,conductivity_us,587.78,µS/cm,2025-11-08T01:42:31.684438,False
SEN-028,FAC-006,turbidity_ntu,3.71,NTU,2026-02-02T01:31:51.847043,False
SEN-072,FAC-015,temperature_c,19.42,°C,2025-11-23T14:05:18.243078,False
SEN-087,FAC-018,flow_rate_m3h,498.99,m³/h,2026-02-10T23:48:48.589345,False
SEN-068,FAC-014,dissolved_o2,7.08,mg/L,2025-12-11T02:33:40.288706,False
SEN-062,FAC-013,flow_rate_m3h,351.12,m³/h,2026-01-03T11:42:07.912923,False
SEN-042,FAC-009,flow_rate_m3h,197.46,m³/h,2026-01-31T10:39:33.322286,False
SEN-094,FAC-020,ph,7.4,pH,2026-01-27T13:13:54.787450,False
SEN-088,FAC-019,chlorine_mg_l,1.99,mg/L,2025-12-26T07:38:15.307007,False
SEN-010,FAC-002,flow_rate_m3h,243.1,m³/h,2026-02-20T07:38:35.087266,False
SEN-043,FAC-009,dissolved_o2,5.26,mg/L,2025-12-06T12:39:05.128689,False
SEN-078,FAC-017,flow_rate_m3h,444.77,m³/h,2026-01-07T04:40:53.113852,False
SEN-040,FAC-009,temperature_c,19.06,°C,2025-11-06T21:53:33.039838,False
SEN-060,FAC-013,turbidity_ntu,3.82,NTU,2026-01-16T19:18:22.884782,False
SEN-098,FAC-020,turbidity_ntu,2.36,NTU,2025-11-06T02:07:58.511283,False
SEN-066,FAC-014,chlorine_mg_l,1.15,mg/L,2026-02-02T19:36:41.374937,False
SEN-077,FAC-016,chlorine_mg_l,0.51,mg/L,2025-12-18T23:38:36.487753,False
SEN-056,FAC-012,conductivity_us,503.86,µS/cm,2025-12-12T00:27:24.970400,False
SEN-064,FAC-014,conductivity_us,430.13,µS/cm,2026-01-01T11:40:31.644250,False
SEN-007,FAC-002,ph,7.39,pH,2026-01-14T17:51:18.446473,False
SEN-022,FAC-005,ph,8.23,pH,2026-02-21T13:54:42.506161,False
SEN-049,FAC-011,flow_rate_m3h,433.94,m³/h,2025-11-12T06:06:53.086184,False
SEN-096,FAC-020,pressure_bar,2.88,bar,2026-01-08T20:35:36.378452,False
SEN-007,FAC-002,ph,7.07,pH,2025-11-09T13:56:27.662359,False
SEN-091,FAC-019,turbidity_ntu,1.84,NTU,2025-10-16T08:13:27.638251,False
SEN-009,FAC-002,conductivity_us,665.36,µS/cm,2025-11-11T23:23:19.930760,False
SEN-089,FAC-019,dissolved_o2,4.45,mg/L,2026-02-16T21:13:53.759955,False
SEN-055,FAC-012,flow_rate_m3h,311.64,m³/h,2025-10-15T22:53:08.771653,False
SEN-080,FAC-017,turbidity_ntu,3.2,NTU,2025-11-17T16:15:38.045629,False
SEN-011,FAC-002,chlorine_mg_l,0.87,mg/L,2026-02-13T09:30:08.902015,False
SEN-085,FAC-018,temperature_c,22.65,°C,2026-01-16T21:23:36.554293,False
SEN-066,FAC-014,chlorine_mg_l,0.91,mg/L,2026-02-04T12:02:23.514353,False
SEN-012,FAC-002,dissolved_o2,7.82,mg/L,2026-01-13T03:51:38.903456,False
SEN-093,FAC-020,flow_rate_m3h,126.24,m³/h,2026-01-08T14:41:33.107244,False
SEN-060,FAC-013,turbidity_ntu,0.76,NTU,2026-02-13T18:41:07.010019,False
SEN-058,FAC-012,ph,8.4,pH,2026-01-29T06:52:29.374477,False
SEN-030,FAC-007,pressure_bar,6.38,bar,2026-01-14T00:42:48.618365,True
SEN-057,FAC-012,pressure_bar,2.85,bar,2026-02-03T01:44:40.514289,False
SEN-062,FAC-013,flow_rate_m3h,363.59,m³/h,2025-10-13T12:20:18.791197,False
SEN-001,FAC-001,chlorine_mg_l,1.79,mg/L,2025-11-13T09:55:42.461276,False
SEN-022,FAC-005,ph,6.65,pH,2026-01-28T20:02:11.261896,False
SEN-071,FAC-015,ph,6.82,pH,2026-02-07T18:16:38.950699,False
SEN-093,FAC-020,flow_rate_m3h,204.43,m³/h,2026-02-25T10:10:18.708810,False
SEN-054,FAC-012,dissolved_o2,8.19,mg/L,2025-11-20T04:42:06.942901,False
SEN-089,FAC-019,dissolved_o2,11.41,mg/L,2025-10-08T22:48:30.569497,False
SEN-084,FAC-018,dissolved_o2,4.68,mg/L,2026-02-20T12:24:42.832835,False
SEN-032,FAC-007,temperature_c,19.44,°C,2026-02-03T04:20:31.597539,False
SEN-061,FAC-013,ph,8.16,pH,2026-01-15T16:23:34.130124,False
SEN-004,FAC-001,turbidity_ntu,0.13,NTU,2025-11-15T10:11:55.208359,False
SEN-007,FAC-002,ph,7.13,pH,2025-11-06T08:43:26.487728,False
SEN-009,FAC-002,conductivity_us,543.3,µS/cm,2025-11-19T04:43:14.746484,False
SEN-081,FAC-017,dissolved_o2,10.64,mg/L,2025-10-23T15:58:04.657044,False
SEN-052,FAC-011,dissolved_o2,5.52,mg/L,2026-02-11T07:15:44.283969,False
SEN-036,FAC-008,temperature_c,24.62,°C,2025-12-14T03:49:15.082908,False
SEN-063,FAC-013,dissolved_o2,7.34,mg/L,2026-02-05T02:26:48.927863,False
SEN-033,FAC-007,dissolved_o2,10.74,mg/L,2025-11-19T20:13:58.862631,False
SEN-020,FAC-004,ph,7.2,pH,2026-02-03T14:36:49.163693,False
SEN-022,FAC-005,ph,7.3,pH,2025-11-09T03:22:49.442948,False
SEN-008,FAC-002,turbidity_ntu,3.51,NTU,2026-01-08T10:31:45.722331,False
SEN-089,FAC-019,dissolved_o2,10.05,mg/L,2026-01-26T01:17:50.670034,False
SEN-098,FAC-020,turbidity_ntu,3.41,NTU,2026-02-09T23:18:57.197754,False
SEN-095,FAC-020,temperature_c,14.97,°C,2025-12-14T20:23:45.983165,False
SEN-015,FAC-003,ph,7.62,pH,2026-01-27T07:27:04.564586,False
SEN-049,FAC-011,flow_rate_m3h,485.8,m³/h,2025-10-04T03:49:13.879508,False
SEN-010,FAC-002,flow_rate_m3h,368.47,m³/h,2026-02-07T10:06:47.889457,False
SEN-046,FAC-010,temperature_c,5.84,°C,2025-10-26T13:27:14.553767,False
SEN-063,FAC-013,dissolved_o2,7.05,mg/L,2026-02-21T14:54:10.431936,False
SEN-006,FAC-001,temperature_c,19.68,°C,2025-10-14T17:04:14.711589,False
SEN-039,FAC-008,ph,7.06,pH,2025-10-21T14:38:09.689582,False
SEN-034,FAC-007,chlorine_mg_l,1.55,mg/L,2025-12-14T01:15:59.989201,False
SEN-081,FAC-017,dissolved_o2,12.38,mg/L,2026-02-05T04:58:35.236108,True
SEN-009,FAC-002,conductivity_us,274.32,µS/cm,2025-12-05T17:43:04.054989,False
SEN-066,FAC-014,chlorine_mg_l,1.96,mg/L,2026-02-10T07:09:03.110751,False
SEN-053,FAC-011,conductivity_us,726.66,µS/cm,2026-02-20T02:31:02.866533,False
SEN-057,FAC-012,pressure_bar,1.87,bar,2026-01-17T20:13:43.687409,True
SEN-086,FAC-018,conductivity_us,376.89,µS/cm,2026-02-09T02:45:04.122003,False
SEN-001,FAC-001,chlorine_mg_l,0.89,mg/L,2025-12-20T20:18:13.803842,False
SEN-057,FAC-012,pressure_bar,2.18,bar,2025-12-20T05:32:56.795557,False
SEN-034,FAC-007,chlorine_mg_l,0.85,mg/L,2025-12-10T20:40:04.947862,False
SEN-086,FAC-018,conductivity_us,557.58,µS/cm,2026-01-06T14:00:20.005431,False
